Workbook

Sheet Premissas
A1: Relatório de custo de mensagens Blip
A3: Categoria | C3: Tarifa por mensagem entregue (R$)
A4: Utilidade | C4: 0.09
A5: Marketing Lite | C5: 0.54
A6: Marketing | C6: 0.6
A7: Autenticação | C7: 0
A9: Início da 1ª semana | C9: 46296
A10: Fim da 1ª semana | C10: 46301
A12: Contatos de disparo
A13: Contato | B13: Disparos entregues | C13: % do total | D13: Utilidade | E13: Marketing Lite | F13: Serviço
A14: +55 11 93270 1695 | B14: =SUM(D14:F14) -> 34462 | C14: =IF($B$17=0,0,B14/$B$17) -> 0.17658422 | D14: 29153 | E14: 5309 | F14: 0
A15: +55 11 95231 1000 | B15: =SUM(D15:F15) -> 137281 | C15: =IF($B$17=0,0,B15/$B$17) -> 0.70343156 | D15: 127788 | E15: 5675 | F15: 3818
A16: +55 11 96414 0786 | B16: =SUM(D16:F16) -> 23416 | C16: =IF($B$17=0,0,B16/$B$17) -> 0.11998422 | D16: 20708 | E16: 0 | F16: 2708
A17: Total | B17: =SUM(B14:B16) -> 195159 | C17: =SUM(C14:C16) -> 1 | D17: =SUM(D14:D16) -> 177649 | E17: =SUM(E14:E16) -> 10984 | F17: =SUM(F14:F16) -> 6526
A19: Fonte: Blip, Números de telefone, mensagens pagas (print de 15/10, acumulado de 01/10 a 14/10).
A20: Marketing e Autenticação sem envios. Serviço não tem tarifa e não entra no cálculo de custo.
A22: Tarifas por mês: a aba Tarifas por mês guarda as tarifas de jan/25 a set/26. Meses fora dela (out/26 em diante) usam as tarifas acima.

Sheet Diário
A1: Contagem diária de mensagens pagas entregues
A4: Data | B4: Utilidade | C4: Autenticação | D4: Marketing | E4: Marketing Lite | F4: Total de mensagens | G4: Custo (R$) | H4: Mês
A5: 46296 | B5: 32 | C5: 0 | D5: 0 | E5: 3 | F5: =IF(A5="","",SUM(B5:E5)) -> 35 | G5: =IF(A5="","",B5*Premissas!$C$4+C5*Premissas!$C$7+D5*Premissas!$C$6+E5*Premissas!$C$5) -> 4.5 | H5: =IF(A5="","",DATE(YEAR(A5),MONTH(A5),1)) -> 46296
A6: 46297 | B6: 9012 | C6: 0 | D6: 0 | E6: 2 | F6: =IF(A6="","",SUM(B6:E6)) -> 9014 | G6: =IF(A6="","",B6*Premissas!$C$4+C6*Premissas!$C$7+D6*Premissas!$C$6+E6*Premissas!$C$5) -> 812.16 | H6: =IF(A6="","",DATE(YEAR(A6),MONTH(A6),1)) -> 46296
A7: 46298 | B7: 10694 | C7: 0 | D7: 0 | E7: 1 | F7: =IF(A7="","",SUM(B7:E7)) -> 10695 | G7: =IF(A7="","",B7*Premissas!$C$4+C7*Premissas!$C$7+D7*Premissas!$C$6+E7*Premissas!$C$5) -> 963 | H7: =IF(A7="","",DATE(YEAR(A7),MONTH(A7),1)) -> 46296
A8: 46299 | B8: 13503 | C8: 0 | D8: 0 | E8: 1 | F8: =IF(A8="","",SUM(B8:E8)) -> 13504 | G8: =IF(A8="","",B8*Premissas!$C$4+C8*Premissas!$C$7+D8*Premissas!$C$6+E8*Premissas!$C$5) -> 1215.81 | H8: =IF(A8="","",DATE(YEAR(A8),MONTH(A8),1)) -> 46296
A9: 46300 | B9: 21812 | C9: 0 | D9: 0 | E9: 0 | F9: =IF(A9="","",SUM(B9:E9)) -> 21812 | G9: =IF(A9="","",B9*Premissas!$C$4+C9*Premissas!$C$7+D9*Premissas!$C$6+E9*Premissas!$C$5) -> 1963.08 | H9: =IF(A9="","",DATE(YEAR(A9),MONTH(A9),1)) -> 46296
A10: 46301 | B10: 27289 | C10: 0 | D10: 0 | E10: 9332 | F10: =IF(A10="","",SUM(B10:E10)) -> 36621 | G10: =IF(A10="","",B10*Premissas!$C$4+C10*Premissas!$C$7+D10*Premissas!$C$6+E10*Premissas!$C$5) -> 7495.29 | H10: =IF(A10="","",DATE(YEAR(A10),MONTH(A10),1)) -> 46296 | I10: Revendo meta valor cai para (3.295,89)
A11: 46302 | B11: 36873 | C11: 0 | D11: 0 | E11: 63 | F11: =IF(A11="","",SUM(B11:E11)) -> 36936 | G11: =IF(A11="","",B11*Premissas!$C$4+C11*Premissas!$C$7+D11*Premissas!$C$6+E11*Premissas!$C$5) -> 3352.59 | H11: =IF(A11="","",DATE(YEAR(A11),MONTH(A11),1)) -> 46296
A12: 46303 | B12: 12063 | C12: 0 | D12: 0 | E12: 9 | F12: =IF(A12="","",SUM(B12:E12)) -> 12072 | G12: =IF(A12="","",B12*Premissas!$C$4+C12*Premissas!$C$7+D12*Premissas!$C$6+E12*Premissas!$C$5) -> 1090.53 | H12: =IF(A12="","",DATE(YEAR(A12),MONTH(A12),1)) -> 46296
A13: 46304 | B13: 95 | C13: 0 | D13: 0 | E13: 4 | F13: =IF(A13="","",SUM(B13:E13)) -> 99 | G13: =IF(A13="","",B13*Premissas!$C$4+C13*Premissas!$C$7+D13*Premissas!$C$6+E13*Premissas!$C$5) -> 10.71 | H13: =IF(A13="","",DATE(YEAR(A13),MONTH(A13),1)) -> 46296
A14: 46305 | B14: 5185 | C14: 0 | D14: 0 | E14: 1 | F14: =IF(A14="","",SUM(B14:E14)) -> 5186 | G14: =IF(A14="","",B14*Premissas!$C$4+C14*Premissas!$C$7+D14*Premissas!$C$6+E14*Premissas!$C$5) -> 467.19 | H14: =IF(A14="","",DATE(YEAR(A14),MONTH(A14),1)) -> 46296
A15: 46306 | B15: 8957 | C15: 0 | D15: 0 | E15: 0 | F15: =IF(A15="","",SUM(B15:E15)) -> 8957 | G15: =IF(A15="","",B15*Premissas!$C$4+C15*Premissas!$C$7+D15*Premissas!$C$6+E15*Premissas!$C$5) -> 806.13 | H15: =IF(A15="","",DATE(YEAR(A15),MONTH(A15),1)) -> 46296
A16: 46307 | B16: 3558 | C16: 0 | D16: 0 | E16: 1560 | F16: =IF(A16="","",SUM(B16:E16)) -> 5118 | G16: =IF(A16="","",B16*Premissas!$C$4+C16*Premissas!$C$7+D16*Premissas!$C$6+E16*Premissas!$C$5) -> 1162.62 | H16: =IF(A16="","",DATE(YEAR(A16),MONTH(A16),1)) -> 46296
A17: 46308 | B17: 11134 | C17: 0 | D17: 0 | E17: 8 | F17: =IF(A17="","",SUM(B17:E17)) -> 11142 | G17: =IF(A17="","",B17*Premissas!$C$4+C17*Premissas!$C$7+D17*Premissas!$C$6+E17*Premissas!$C$5) -> 1006.38 | H17: =IF(A17="","",DATE(YEAR(A17),MONTH(A17),1)) -> 46296
F18: =IF(A18="","",SUM(B18:E18)) | G18: =IF(A18="","",B18*Premissas!$C$4+C18*Premissas!$C$7+D18*Premissas!$C$6+E18*Premissas!$C$5) | H18: =IF(A18="","",DATE(YEAR(A18),MONTH(A18),1))
F19: =IF(A19="","",SUM(B19:E19)) | G19: =IF(A19="","",B19*Premissas!$C$4+C19*Premissas!$C$7+D19*Premissas!$C$6+E19*Premissas!$C$5) | H19: =IF(A19="","",DATE(YEAR(A19),MONTH(A19),1))
F20: =IF(A20="","",SUM(B20:E20)) | G20: =IF(A20="","",B20*Premissas!$C$4+C20*Premissas!$C$7+D20*Premissas!$C$6+E20*Premissas!$C$5) | H20: =IF(A20="","",DATE(YEAR(A20),MONTH(A20),1))
F21: =IF(A21="","",SUM(B21:E21)) | G21: =IF(A21="","",B21*Premissas!$C$4+C21*Premissas!$C$7+D21*Premissas!$C$6+E21*Premissas!$C$5) | H21: =IF(A21="","",DATE(YEAR(A21),MONTH(A21),1))
F22: =IF(A22="","",SUM(B22:E22)) | G22: =IF(A22="","",B22*Premissas!$C$4+C22*Premissas!$C$7+D22*Premissas!$C$6+E22*Premissas!$C$5) | H22: =IF(A22="","",DATE(YEAR(A22),MONTH(A22),1))
F23: =IF(A23="","",SUM(B23:E23)) | G23: =IF(A23="","",B23*Premissas!$C$4+C23*Premissas!$C$7+D23*Premissas!$C$6+E23*Premissas!$C$5) | H23: =IF(A23="","",DATE(YEAR(A23),MONTH(A23),1))
F24: =IF(A24="","",SUM(B24:E24)) | G24: =IF(A24="","",B24*Premissas!$C$4+C24*Premissas!$C$7+D24*Premissas!$C$6+E24*Premissas!$C$5) | H24: =IF(A24="","",DATE(YEAR(A24),MONTH(A24),1))
F25: =IF(A25="","",SUM(B25:E25)) | G25: =IF(A25="","",B25*Premissas!$C$4+C25*Premissas!$C$7+D25*Premissas!$C$6+E25*Premissas!$C$5) | H25: =IF(A25="","",DATE(YEAR(A25),MONTH(A25),1))
F26: =IF(A26="","",SUM(B26:E26)) | G26: =IF(A26="","",B26*Premissas!$C$4+C26*Premissas!$C$7+D26*Premissas!$C$6+E26*Premissas!$C$5) | H26: =IF(A26="","",DATE(YEAR(A26),MONTH(A26),1))
F27: =IF(A27="","",SUM(B27:E27)) | G27: =IF(A27="","",B27*Premissas!$C$4+C27*Premissas!$C$7+D27*Premissas!$C$6+E27*Premissas!$C$5) | H27: =IF(A27="","",DATE(YEAR(A27),MONTH(A27),1))
F28: =IF(A28="","",SUM(B28:E28)) | G28: =IF(A28="","",B28*Premissas!$C$4+C28*Premissas!$C$7+D28*Premissas!$C$6+E28*Premissas!$C$5) | H28: =IF(A28="","",DATE(YEAR(A28),MONTH(A28),1))
F29: =IF(A29="","",SUM(B29:E29)) | G29: =IF(A29="","",B29*Premissas!$C$4+C29*Premissas!$C$7+D29*Premissas!$C$6+E29*Premissas!$C$5) | H29: =IF(A29="","",DATE(YEAR(A29),MONTH(A29),1))
... F400: =IF(A400="","",SUM(B400:E400)) | G400: =IF(A400="","",B400*Premissas!$C$4+C400*Premissas!$C$7+D400*Premissas!$C$6+E400*Premissas!$C$5) | H400: =IF(A400="","",DATE(YEAR(A400),MONTH(A400),1))

Sheet Semanal
A1: Relatório semanal (Quinta a Quarta)
A2: Semana 1 definida em Premissas (início e fim). As demais têm 7 dias, a partir do dia seguinte. A última pode estar parcial (veja Dias com dados).
A4: Início | B4: Fim | C4: Dias com dados | D4: Utilidade | E4: Marketing Lite | F4: Marketing | G4: Autenticação | H4: Total de mensagens | I4: Custo (R$) | J4: Custo médio por mensagem (R$) | K4: % do custo em Marketing Lite | L4: Variação do custo vs. semana anterior
A5: =IF(COUNT(Diário!$A$5:$A$400)=0,"",Premissas!$C$9) -> 46296 | B5: =IF(A5="","",Premissas!$C$10) -> 46301 | C5: =IF(A5="","",COUNTIFS(Diário!$A$5:$A$400,">="&$A5,Diário!$A$5:$A$400,"<="&$B5)) -> 6 | D5: =IF($A5="","",SUMIFS(Diário!$B$5:$B$400,Diário!$A$5:$A$400,">="&$A5,Diário!$A$5:$A$400,"<="&$B5)) -> 82342 | E5: =IF($A5="","",SUMIFS(Diário!$E$5:$E$400,Diário!$A$5:$A$400,">="&$A5,Diário!$A$5:$A$400,"<="&$B5)) -> 9339 | F5: =IF($A5="","",SUMIFS(Diário!$D$5:$D$400,Diário!$A$5:$A$400,">="&$A5,Diário!$A$5:$A$400,"<="&$B5)) -> 0 | G5: =IF($A5="","",SUMIFS(Diário!$C$5:$C$400,Diário!$A$5:$A$400,">="&$A5,Diário!$A$5:$A$400,"<="&$B5)) -> 0 | H5: =IF(A5="","",SUM(D5:G5)) -> 91681 | I5: =IF($A5="","",SUMIFS(Diário!$G$5:$G$400,Diário!$A$5:$A$400,">="&$A5,Diário!$A$5:$A$400,"<="&$B5)) -> 12453.84 | J5: =IF(A5="","",IF(H5=0,0,I5/H5)) -> 0.13583883 | K5: =IF(A5="","",IF(I5=0,0,E5*Premissas!$C$5/I5)) -> 0.40494016 | L5: =IF(A5="","","n/d") -> n/d
A6: =IF(B5="","",IF(B5+1>MAX(Diário!$A$5:$A$400),"",B5+1)) -> 46302 | B6: =IF(A6="","",A6+6) -> 46308 | C6: =IF(A6="","",COUNTIFS(Diário!$A$5:$A$400,">="&$A6,Diário!$A$5:$A$400,"<="&$B6)) -> 7 | D6: =IF($A6="","",SUMIFS(Diário!$B$5:$B$400,Diário!$A$5:$A$400,">="&$A6,Diário!$A$5:$A$400,"<="&$B6)) -> 77865 | E6: =IF($A6="","",SUMIFS(Diário!$E$5:$E$400,Diário!$A$5:$A$400,">="&$A6,Diário!$A$5:$A$400,"<="&$B6)) -> 1645 | F6: =IF($A6="","",SUMIFS(Diário!$D$5:$D$400,Diário!$A$5:$A$400,">="&$A6,Diário!$A$5:$A$400,"<="&$B6)) -> 0 | G6: =IF($A6="","",SUMIFS(Diário!$C$5:$C$400,Diário!$A$5:$A$400,">="&$A6,Diário!$A$5:$A$400,"<="&$B6)) -> 0 | H6: =IF(A6="","",SUM(D6:G6)) -> 79510 | I6: =IF($A6="","",SUMIFS(Diário!$G$5:$G$400,Diário!$A$5:$A$400,">="&$A6,Diário!$A$5:$A$400,"<="&$B6)) -> 7896.15 | J6: =IF(A6="","",IF(H6=0,0,I6/H6)) -> 0.09931015 | K6: =IF(A6="","",IF(I6=0,0,E6*Premissas!$C$5/I6)) -> 0.11249786 | L6: =IF(A6="","",IF(I5=0,"n/d",I6/I5-1)) -> -0.36596664
A7: =IF(B6="","",IF(B6+1>MAX(Diário!$A$5:$A$400),"",B6+1)) | B7: =IF(A7="","",A7+6) | C7: =IF(A7="","",COUNTIFS(Diário!$A$5:$A$400,">="&$A7,Diário!$A$5:$A$400,"<="&$B7)) | D7: =IF($A7="","",SUMIFS(Diário!$B$5:$B$400,Diário!$A$5:$A$400,">="&$A7,Diário!$A$5:$A$400,"<="&$B7)) | E7: =IF($A7="","",SUMIFS(Diário!$E$5:$E$400,Diário!$A$5:$A$400,">="&$A7,Diário!$A$5:$A$400,"<="&$B7)) | F7: =IF($A7="","",SUMIFS(Diário!$D$5:$D$400,Diário!$A$5:$A$400,">="&$A7,Diário!$A$5:$A$400,"<="&$B7)) | G7: =IF($A7="","",SUMIFS(Diário!$C$5:$C$400,Diário!$A$5:$A$400,">="&$A7,Diário!$A$5:$A$400,"<="&$B7)) | H7: =IF(A7="","",SUM(D7:G7)) | I7: =IF($A7="","",SUMIFS(Diário!$G$5:$G$400,Diário!$A$5:$A$400,">="&$A7,Diário!$A$5:$A$400,"<="&$B7)) | J7: =IF(A7="","",IF(H7=0,0,I7/H7)) | K7: =IF(A7="","",IF(I7=0,0,E7*Premissas!$C$5/I7)) | L7: =IF(A7="","",IF(I6=0,"n/d",I7/I6-1))
A8: =IF(B7="","",IF(B7+1>MAX(Diário!$A$5:$A$400),"",B7+1)) | B8: =IF(A8="","",A8+6) | C8: =IF(A8="","",COUNTIFS(Diário!$A$5:$A$400,">="&$A8,Diário!$A$5:$A$400,"<="&$B8)) | D8: =IF($A8="","",SUMIFS(Diário!$B$5:$B$400,Diário!$A$5:$A$400,">="&$A8,Diário!$A$5:$A$400,"<="&$B8)) | E8: =IF($A8="","",SUMIFS(Diário!$E$5:$E$400,Diário!$A$5:$A$400,">="&$A8,Diário!$A$5:$A$400,"<="&$B8)) | F8: =IF($A8="","",SUMIFS(Diário!$D$5:$D$400,Diário!$A$5:$A$400,">="&$A8,Diário!$A$5:$A$400,"<="&$B8)) | G8: =IF($A8="","",SUMIFS(Diário!$C$5:$C$400,Diário!$A$5:$A$400,">="&$A8,Diário!$A$5:$A$400,"<="&$B8)) | H8: =IF(A8="","",SUM(D8:G8)) | I8: =IF($A8="","",SUMIFS(Diário!$G$5:$G$400,Diário!$A$5:$A$400,">="&$A8,Diário!$A$5:$A$400,"<="&$B8)) | J8: =IF(A8="","",IF(H8=0,0,I8/H8)) | K8: =IF(A8="","",IF(I8=0,0,E8*Premissas!$C$5/I8)) | L8: =IF(A8="","",IF(I7=0,"n/d",I8/I7-1))
A9: =IF(B8="","",IF(B8+1>MAX(Diário!$A$5:$A$400),"",B8+1)) | B9: =IF(A9="","",A9+6) | C9: =IF(A9="","",COUNTIFS(Diário!$A$5:$A$400,">="&$A9,Diário!$A$5:$A$400,"<="&$B9)) | D9: =IF($A9="","",SUMIFS(Diário!$B$5:$B$400,Diário!$A$5:$A$400,">="&$A9,Diário!$A$5:$A$400,"<="&$B9)) | E9: =IF($A9="","",SUMIFS(Diário!$E$5:$E$400,Diário!$A$5:$A$400,">="&$A9,Diário!$A$5:$A$400,"<="&$B9)) | F9: =IF($A9="","",SUMIFS(Diário!$D$5:$D$400,Diário!$A$5:$A$400,">="&$A9,Diário!$A$5:$A$400,"<="&$B9)) | G9: =IF($A9="","",SUMIFS(Diário!$C$5:$C$400,Diário!$A$5:$A$400,">="&$A9,Diário!$A$5:$A$400,"<="&$B9)) | H9: =IF(A9="","",SUM(D9:G9)) | I9: =IF($A9="","",SUMIFS(Diário!$G$5:$G$400,Diário!$A$5:$A$400,">="&$A9,Diário!$A$5:$A$400,"<="&$B9)) | J9: =IF(A9="","",IF(H9=0,0,I9/H9)) | K9: =IF(A9="","",IF(I9=0,0,E9*Premissas!$C$5/I9)) | L9: =IF(A9="","",IF(I8=0,"n/d",I9/I8-1))
A10: =IF(B9="","",IF(B9+1>MAX(Diário!$A$5:$A$400),"",B9+1)) | B10: =IF(A10="","",A10+6) | C10: =IF(A10="","",COUNTIFS(Diário!$A$5:$A$400,">="&$A10,Diário!$A$5:$A$400,"<="&$B10)) | D10: =IF($A10="","",SUMIFS(Diário!$B$5:$B$400,Diário!$A$5:$A$400,">="&$A10,Diário!$A$5:$A$400,"<="&$B10)) | E10: =IF($A10="","",SUMIFS(Diário!$E$5:$E$400,Diário!$A$5:$A$400,">="&$A10,Diário!$A$5:$A$400,"<="&$B10)) | F10: =IF($A10="","",SUMIFS(Diário!$D$5:$D$400,Diário!$A$5:$A$400,">="&$A10,Diário!$A$5:$A$400,"<="&$B10)) | G10: =IF($A10="","",SUMIFS(Diário!$C$5:$C$400,Diário!$A$5:$A$400,">="&$A10,Diário!$A$5:$A$400,"<="&$B10)) | H10: =IF(A10="","",SUM(D10:G10)) | I10: =IF($A10="","",SUMIFS(Diário!$G$5:$G$400,Diário!$A$5:$A$400,">="&$A10,Diário!$A$5:$A$400,"<="&$B10)) | J10: =IF(A10="","",IF(H10=0,0,I10/H10)) | K10: =IF(A10="","",IF(I10=0,0,E10*Premissas!$C$5/I10)) | L10: =IF(A10="","",IF(I9=0,"n/d",I10/I9-1))
A11: =IF(B10="","",IF(B10+1>MAX(Diário!$A$5:$A$400),"",B10+1)) | B11: =IF(A11="","",A11+6) | C11: =IF(A11="","",COUNTIFS(Diário!$A$5:$A$400,">="&$A11,Diário!$A$5:$A$400,"<="&$B11)) | D11: =IF($A11="","",SUMIFS(Diário!$B$5:$B$400,Diário!$A$5:$A$400,">="&$A11,Diário!$A$5:$A$400,"<="&$B11)) | E11: =IF($A11="","",SUMIFS(Diário!$E$5:$E$400,Diário!$A$5:$A$400,">="&$A11,Diário!$A$5:$A$400,"<="&$B11)) | F11: =IF($A11="","",SUMIFS(Diário!$D$5:$D$400,Diário!$A$5:$A$400,">="&$A11,Diário!$A$5:$A$400,"<="&$B11)) | G11: =IF($A11="","",SUMIFS(Diário!$C$5:$C$400,Diário!$A$5:$A$400,">="&$A11,Diário!$A$5:$A$400,"<="&$B11)) | H11: =IF(A11="","",SUM(D11:G11)) | I11: =IF($A11="","",SUMIFS(Diário!$G$5:$G$400,Diário!$A$5:$A$400,">="&$A11,Diário!$A$5:$A$400,"<="&$B11)) | J11: =IF(A11="","",IF(H11=0,0,I11/H11)) | K11: =IF(A11="","",IF(I11=0,0,E11*Premissas!$C$5/I11)) | L11: =IF(A11="","",IF(I10=0,"n/d",I11/I10-1))
A12: =IF(B11="","",IF(B11+1>MAX(Diário!$A$5:$A$400),"",B11+1)) | B12: =IF(A12="","",A12+6) | C12: =IF(A12="","",COUNTIFS(Diário!$A$5:$A$400,">="&$A12,Diário!$A$5:$A$400,"<="&$B12)) | D12: =IF($A12="","",SUMIFS(Diário!$B$5:$B$400,Diário!$A$5:$A$400,">="&$A12,Diário!$A$5:$A$400,"<="&$B12)) | E12: =IF($A12="","",SUMIFS(Diário!$E$5:$E$400,Diário!$A$5:$A$400,">="&$A12,Diário!$A$5:$A$400,"<="&$B12)) | F12: =IF($A12="","",SUMIFS(Diário!$D$5:$D$400,Diário!$A$5:$A$400,">="&$A12,Diário!$A$5:$A$400,"<="&$B12)) | G12: =IF($A12="","",SUMIFS(Diário!$C$5:$C$400,Diário!$A$5:$A$400,">="&$A12,Diário!$A$5:$A$400,"<="&$B12)) | H12: =IF(A12="","",SUM(D12:G12)) | I12: =IF($A12="","",SUMIFS(Diário!$G$5:$G$400,Diário!$A$5:$A$400,">="&$A12,Diário!$A$5:$A$400,"<="&$B12)) | J12: =IF(A12="","",IF(H12=0,0,I12/H12)) | K12: =IF(A12="","",IF(I12=0,0,E12*Premissas!$C$5/I12)) | L12: =IF(A12="","",IF(I11=0,"n/d",I12/I11-1))
A13: =IF(B12="","",IF(B12+1>MAX(Diário!$A$5:$A$400),"",B12+1)) | B13: =IF(A13="","",A13+6) | C13: =IF(A13="","",COUNTIFS(Diário!$A$5:$A$400,">="&$A13,Diário!$A$5:$A$400,"<="&$B13)) | D13: =IF($A13="","",SUMIFS(Diário!$B$5:$B$400,Diário!$A$5:$A$400,">="&$A13,Diário!$A$5:$A$400,"<="&$B13)) | E13: =IF($A13="","",SUMIFS(Diário!$E$5:$E$400,Diário!$A$5:$A$400,">="&$A13,Diário!$A$5:$A$400,"<="&$B13)) | F13: =IF($A13="","",SUMIFS(Diário!$D$5:$D$400,Diário!$A$5:$A$400,">="&$A13,Diário!$A$5:$A$400,"<="&$B13)) | G13: =IF($A13="","",SUMIFS(Diário!$C$5:$C$400,Diário!$A$5:$A$400,">="&$A13,Diário!$A$5:$A$400,"<="&$B13)) | H13: =IF(A13="","",SUM(D13:G13)) | I13: =IF($A13="","",SUMIFS(Diário!$G$5:$G$400,Diário!$A$5:$A$400,">="&$A13,Diário!$A$5:$A$400,"<="&$B13)) | J13: =IF(A13="","",IF(H13=0,0,I13/H13)) | K13: =IF(A13="","",IF(I13=0,0,E13*Premissas!$C$5/I13)) | L13: =IF(A13="","",IF(I12=0,"n/d",I13/I12-1))
A14: =IF(B13="","",IF(B13+1>MAX(Diário!$A$5:$A$400),"",B13+1)) | B14: =IF(A14="","",A14+6) | C14: =IF(A14="","",COUNTIFS(Diário!$A$5:$A$400,">="&$A14,Diário!$A$5:$A$400,"<="&$B14)) | D14: =IF($A14="","",SUMIFS(Diário!$B$5:$B$400,Diário!$A$5:$A$400,">="&$A14,Diário!$A$5:$A$400,"<="&$B14)) | E14: =IF($A14="","",SUMIFS(Diário!$E$5:$E$400,Diário!$A$5:$A$400,">="&$A14,Diário!$A$5:$A$400,"<="&$B14)) | F14: =IF($A14="","",SUMIFS(Diário!$D$5:$D$400,Diário!$A$5:$A$400,">="&$A14,Diário!$A$5:$A$400,"<="&$B14)) | G14: =IF($A14="","",SUMIFS(Diário!$C$5:$C$400,Diário!$A$5:$A$400,">="&$A14,Diário!$A$5:$A$400,"<="&$B14)) | H14: =IF(A14="","",SUM(D14:G14)) | I14: =IF($A14="","",SUMIFS(Diário!$G$5:$G$400,Diário!$A$5:$A$400,">="&$A14,Diário!$A$5:$A$400,"<="&$B14)) | J14: =IF(A14="","",IF(H14=0,0,I14/H14)) | K14: =IF(A14="","",IF(I14=0,0,E14*Premissas!$C$5/I14)) | L14: =IF(A14="","",IF(I13=0,"n/d",I14/I13-1))
A15: =IF(B14="","",IF(B14+1>MAX(Diário!$A$5:$A$400),"",B14+1)) | B15: =IF(A15="","",A15+6) | C15: =IF(A15="","",COUNTIFS(Diário!$A$5:$A$400,">="&$A15,Diário!$A$5:$A$400,"<="&$B15)) | D15: =IF($A15="","",SUMIFS(Diário!$B$5:$B$400,Diário!$A$5:$A$400,">="&$A15,Diário!$A$5:$A$400,"<="&$B15)) | E15: =IF($A15="","",SUMIFS(Diário!$E$5:$E$400,Diário!$A$5:$A$400,">="&$A15,Diário!$A$5:$A$400,"<="&$B15)) | F15: =IF($A15="","",SUMIFS(Diário!$D$5:$D$400,Diário!$A$5:$A$400,">="&$A15,Diário!$A$5:$A$400,"<="&$B15)) | G15: =IF($A15="","",SUMIFS(Diário!$C$5:$C$400,Diário!$A$5:$A$400,">="&$A15,Diário!$A$5:$A$400,"<="&$B15)) | H15: =IF(A15="","",SUM(D15:G15)) | I15: =IF($A15="","",SUMIFS(Diário!$G$5:$G$400,Diário!$A$5:$A$400,">="&$A15,Diário!$A$5:$A$400,"<="&$B15)) | J15: =IF(A15="","",IF(H15=0,0,I15/H15)) | K15: =IF(A15="","",IF(I15=0,0,E15*Premissas!$C$5/I15)) | L15: =IF(A15="","",IF(I14=0,"n/d",I15/I14-1))
A16: =IF(B15="","",IF(B15+1>MAX(Diário!$A$5:$A$400),"",B15+1)) | B16: =IF(A16="","",A16+6) | C16: =IF(A16="","",COUNTIFS(Diário!$A$5:$A$400,">="&$A16,Diário!$A$5:$A$400,"<="&$B16)) | D16: =IF($A16="","",SUMIFS(Diário!$B$5:$B$400,Diário!$A$5:$A$400,">="&$A16,Diário!$A$5:$A$400,"<="&$B16)) | E16: =IF($A16="","",SUMIFS(Diário!$E$5:$E$400,Diário!$A$5:$A$400,">="&$A16,Diário!$A$5:$A$400,"<="&$B16)) | F16: =IF($A16="","",SUMIFS(Diário!$D$5:$D$400,Diário!$A$5:$A$400,">="&$A16,Diário!$A$5:$A$400,"<="&$B16)) | G16: =IF($A16="","",SUMIFS(Diário!$C$5:$C$400,Diário!$A$5:$A$400,">="&$A16,Diário!$A$5:$A$400,"<="&$B16)) | H16: =IF(A16="","",SUM(D16:G16)) | I16: =IF($A16="","",SUMIFS(Diário!$G$5:$G$400,Diário!$A$5:$A$400,">="&$A16,Diário!$A$5:$A$400,"<="&$B16)) | J16: =IF(A16="","",IF(H16=0,0,I16/H16)) | K16: =IF(A16="","",IF(I16=0,0,E16*Premissas!$C$5/I16)) | L16: =IF(A16="","",IF(I15=0,"n/d",I16/I15-1))
A17: =IF(B16="","",IF(B16+1>MAX(Diário!$A$5:$A$400),"",B16+1)) | B17: =IF(A17="","",A17+6) | C17: =IF(A17="","",COUNTIFS(Diário!$A$5:$A$400,">="&$A17,Diário!$A$5:$A$400,"<="&$B17)) | D17: =IF($A17="","",SUMIFS(Diário!$B$5:$B$400,Diário!$A$5:$A$400,">="&$A17,Diário!$A$5:$A$400,"<="&$B17)) | E17: =IF($A17="","",SUMIFS(Diário!$E$5:$E$400,Diário!$A$5:$A$400,">="&$A17,Diário!$A$5:$A$400,"<="&$B17)) | F17: =IF($A17="","",SUMIFS(Diário!$D$5:$D$400,Diário!$A$5:$A$400,">="&$A17,Diário!$A$5:$A$400,"<="&$B17)) | G17: =IF($A17="","",SUMIFS(Diário!$C$5:$C$400,Diário!$A$5:$A$400,">="&$A17,Diário!$A$5:$A$400,"<="&$B17)) | H17: =IF(A17="","",SUM(D17:G17)) | I17: =IF($A17="","",SUMIFS(Diário!$G$5:$G$400,Diário!$A$5:$A$400,">="&$A17,Diário!$A$5:$A$400,"<="&$B17)) | J17: =IF(A17="","",IF(H17=0,0,I17/H17)) | K17: =IF(A17="","",IF(I17=0,0,E17*Premissas!$C$5/I17)) | L17: =IF(A17="","",IF(I16=0,"n/d",I17/I16-1))
... A64: =IF(B63="","",IF(B63+1>MAX(Diário!$A$5:$A$400),"",B63+1)) | B64: =IF(A64="","",A64+6) | C64: =IF(A64="","",COUNTIFS(Diário!$A$5:$A$400,">="&$A64,Diário!$A$5:$A$400,"<="&$B64)) | D64: =IF($A64="","",SUMIFS(Diário!$B$5:$B$400,Diário!$A$5:$A$400,">="&$A64,Diário!$A$5:$A$400,"<="&$B64)) | E64: =IF($A64="","",SUMIFS(Diário!$E$5:$E$400,Diário!$A$5:$A$400,">="&$A64,Diário!$A$5:$A$400,"<="&$B64)) | F64: =IF($A64="","",SUMIFS(Diário!$D$5:$D$400,Diário!$A$5:$A$400,">="&$A64,Diário!$A$5:$A$400,"<="&$B64)) | G64: =IF($A64="","",SUMIFS(Diário!$C$5:$C$400,Diário!$A$5:$A$400,">="&$A64,Diário!$A$5:$A$400,"<="&$B64)) | H64: =IF(A64="","",SUM(D64:G64)) | I64: =IF($A64="","",SUMIFS(Diário!$G$5:$G$400,Diário!$A$5:$A$400,">="&$A64,Diário!$A$5:$A$400,"<="&$B64)) | J64: =IF(A64="","",IF(H64=0,0,I64/H64)) | K64: =IF(A64="","",IF(I64=0,0,E64*Premissas!$C$5/I64)) | L64: =IF(A64="","",IF(I63=0,"n/d",I64/I63-1))

Sheet Mensal
A1: Relatório mensal
A4: Mês | B4: Dias com dados | C4: Utilidade | D4: Marketing Lite | E4: Marketing | F4: Autenticação | G4: Total de mensagens | H4: Custo Utilidade (R$) | I4: Custo Marketing Lite (R$) | J4: Custo Marketing (R$) | K4: Custo Autenticação (R$) | L4: Custo total (R$) | M4: Custo médio por mensagem (R$) | N4: % do custo em Marketing Lite | O4: Variação do custo vs. mês anterior
A5: =IF(COUNT(Diário!$H$5:$H$400)=0,"",MIN(Diário!$H$5:$H$400)) -> 46296 | B5: =IF(A5="","",COUNTIFS(Diário!$H$5:$H$400,A5)) -> 13 | C5: =IF($A5="","",SUMIFS(Diário!$B$5:$B$400,Diário!$H$5:$H$400,$A5)) -> 160207 | D5: =IF($A5="","",SUMIFS(Diário!$E$5:$E$400,Diário!$H$5:$H$400,$A5)) -> 10984 | E5: =IF($A5="","",SUMIFS(Diário!$D$5:$D$400,Diário!$H$5:$H$400,$A5)) -> 0 | F5: =IF($A5="","",SUMIFS(Diário!$C$5:$C$400,Diário!$H$5:$H$400,$A5)) -> 0 | G5: =IF(A5="","",SUM(C5:F5)) -> 171191 | H5: =IF(A5="","",C5*Premissas!$C$4) -> 14418.63 | I5: =IF(A5="","",D5*Premissas!$C$5) -> 5931.36 | J5: =IF(A5="","",E5*Premissas!$C$6) -> 0 | K5: =IF(A5="","",F5*Premissas!$C$7) -> 0 | L5: =IF(A5="","",SUM(H5:K5)) -> 20349.99 | M5: =IF(A5="","",IF(G5=0,0,L5/G5)) -> 0.11887301 | N5: =IF(A5="","",IF(L5=0,0,I5/L5)) -> 0.29146747 | O5: =IF(A5="","","n/d") -> n/d
A6: =IF(A5="","",IF(EDATE(A5,1)>MAX(Diário!$A$5:$A$400),"",EDATE(A5,1))) | B6: =IF(A6="","",COUNTIFS(Diário!$H$5:$H$400,A6)) | C6: =IF($A6="","",SUMIFS(Diário!$B$5:$B$400,Diário!$H$5:$H$400,$A6)) | D6: =IF($A6="","",SUMIFS(Diário!$E$5:$E$400,Diário!$H$5:$H$400,$A6)) | E6: =IF($A6="","",SUMIFS(Diário!$D$5:$D$400,Diário!$H$5:$H$400,$A6)) | F6: =IF($A6="","",SUMIFS(Diário!$C$5:$C$400,Diário!$H$5:$H$400,$A6)) | G6: =IF(A6="","",SUM(C6:F6)) | H6: =IF(A6="","",C6*Premissas!$C$4) | I6: =IF(A6="","",D6*Premissas!$C$5) | J6: =IF(A6="","",E6*Premissas!$C$6) | K6: =IF(A6="","",F6*Premissas!$C$7) | L6: =IF(A6="","",SUM(H6:K6)) | M6: =IF(A6="","",IF(G6=0,0,L6/G6)) | N6: =IF(A6="","",IF(L6=0,0,I6/L6)) | O6: =IF(A6="","",IF(L5=0,"n/d",L6/L5-1))
A7: =IF(A6="","",IF(EDATE(A6,1)>MAX(Diário!$A$5:$A$400),"",EDATE(A6,1))) | B7: =IF(A7="","",COUNTIFS(Diário!$H$5:$H$400,A7)) | C7: =IF($A7="","",SUMIFS(Diário!$B$5:$B$400,Diário!$H$5:$H$400,$A7)) | D7: =IF($A7="","",SUMIFS(Diário!$E$5:$E$400,Diário!$H$5:$H$400,$A7)) | E7: =IF($A7="","",SUMIFS(Diário!$D$5:$D$400,Diário!$H$5:$H$400,$A7)) | F7: =IF($A7="","",SUMIFS(Diário!$C$5:$C$400,Diário!$H$5:$H$400,$A7)) | G7: =IF(A7="","",SUM(C7:F7)) | H7: =IF(A7="","",C7*Premissas!$C$4) | I7: =IF(A7="","",D7*Premissas!$C$5) | J7: =IF(A7="","",E7*Premissas!$C$6) | K7: =IF(A7="","",F7*Premissas!$C$7) | L7: =IF(A7="","",SUM(H7:K7)) | M7: =IF(A7="","",IF(G7=0,0,L7/G7)) | N7: =IF(A7="","",IF(L7=0,0,I7/L7)) | O7: =IF(A7="","",IF(L6=0,"n/d",L7/L6-1))
A8: =IF(A7="","",IF(EDATE(A7,1)>MAX(Diário!$A$5:$A$400),"",EDATE(A7,1))) | B8: =IF(A8="","",COUNTIFS(Diário!$H$5:$H$400,A8)) | C8: =IF($A8="","",SUMIFS(Diário!$B$5:$B$400,Diário!$H$5:$H$400,$A8)) | D8: =IF($A8="","",SUMIFS(Diário!$E$5:$E$400,Diário!$H$5:$H$400,$A8)) | E8: =IF($A8="","",SUMIFS(Diário!$D$5:$D$400,Diário!$H$5:$H$400,$A8)) | F8: =IF($A8="","",SUMIFS(Diário!$C$5:$C$400,Diário!$H$5:$H$400,$A8)) | G8: =IF(A8="","",SUM(C8:F8)) | H8: =IF(A8="","",C8*Premissas!$C$4) | I8: =IF(A8="","",D8*Premissas!$C$5) | J8: =IF(A8="","",E8*Premissas!$C$6) | K8: =IF(A8="","",F8*Premissas!$C$7) | L8: =IF(A8="","",SUM(H8:K8)) | M8: =IF(A8="","",IF(G8=0,0,L8/G8)) | N8: =IF(A8="","",IF(L8=0,0,I8/L8)) | O8: =IF(A8="","",IF(L7=0,"n/d",L8/L7-1))
A9: =IF(A8="","",IF(EDATE(A8,1)>MAX(Diário!$A$5:$A$400),"",EDATE(A8,1))) | B9: =IF(A9="","",COUNTIFS(Diário!$H$5:$H$400,A9)) | C9: =IF($A9="","",SUMIFS(Diário!$B$5:$B$400,Diário!$H$5:$H$400,$A9)) | D9: =IF($A9="","",SUMIFS(Diário!$E$5:$E$400,Diário!$H$5:$H$400,$A9)) | E9: =IF($A9="","",SUMIFS(Diário!$D$5:$D$400,Diário!$H$5:$H$400,$A9)) | F9: =IF($A9="","",SUMIFS(Diário!$C$5:$C$400,Diário!$H$5:$H$400,$A9)) | G9: =IF(A9="","",SUM(C9:F9)) | H9: =IF(A9="","",C9*Premissas!$C$4) | I9: =IF(A9="","",D9*Premissas!$C$5) | J9: =IF(A9="","",E9*Premissas!$C$6) | K9: =IF(A9="","",F9*Premissas!$C$7) | L9: =IF(A9="","",SUM(H9:K9)) | M9: =IF(A9="","",IF(G9=0,0,L9/G9)) | N9: =IF(A9="","",IF(L9=0,0,I9/L9)) | O9: =IF(A9="","",IF(L8=0,"n/d",L9/L8-1))
A10: =IF(A9="","",IF(EDATE(A9,1)>MAX(Diário!$A$5:$A$400),"",EDATE(A9,1))) | B10: =IF(A10="","",COUNTIFS(Diário!$H$5:$H$400,A10)) | C10: =IF($A10="","",SUMIFS(Diário!$B$5:$B$400,Diário!$H$5:$H$400,$A10)) | D10: =IF($A10="","",SUMIFS(Diário!$E$5:$E$400,Diário!$H$5:$H$400,$A10)) | E10: =IF($A10="","",SUMIFS(Diário!$D$5:$D$400,Diário!$H$5:$H$400,$A10)) | F10: =IF($A10="","",SUMIFS(Diário!$C$5:$C$400,Diário!$H$5:$H$400,$A10)) | G10: =IF(A10="","",SUM(C10:F10)) | H10: =IF(A10="","",C10*Premissas!$C$4) | I10: =IF(A10="","",D10*Premissas!$C$5) | J10: =IF(A10="","",E10*Premissas!$C$6) | K10: =IF(A10="","",F10*Premissas!$C$7) | L10: =IF(A10="","",SUM(H10:K10)) | M10: =IF(A10="","",IF(G10=0,0,L10/G10)) | N10: =IF(A10="","",IF(L10=0,0,I10/L10)) | O10: =IF(A10="","",IF(L9=0,"n/d",L10/L9-1))
A11: =IF(A10="","",IF(EDATE(A10,1)>MAX(Diário!$A$5:$A$400),"",EDATE(A10,1))) | B11: =IF(A11="","",COUNTIFS(Diário!$H$5:$H$400,A11)) | C11: =IF($A11="","",SUMIFS(Diário!$B$5:$B$400,Diário!$H$5:$H$400,$A11)) | D11: =IF($A11="","",SUMIFS(Diário!$E$5:$E$400,Diário!$H$5:$H$400,$A11)) | E11: =IF($A11="","",SUMIFS(Diário!$D$5:$D$400,Diário!$H$5:$H$400,$A11)) | F11: =IF($A11="","",SUMIFS(Diário!$C$5:$C$400,Diário!$H$5:$H$400,$A11)) | G11: =IF(A11="","",SUM(C11:F11)) | H11: =IF(A11="","",C11*Premissas!$C$4) | I11: =IF(A11="","",D11*Premissas!$C$5) | J11: =IF(A11="","",E11*Premissas!$C$6) | K11: =IF(A11="","",F11*Premissas!$C$7) | L11: =IF(A11="","",SUM(H11:K11)) | M11: =IF(A11="","",IF(G11=0,0,L11/G11)) | N11: =IF(A11="","",IF(L11=0,0,I11/L11)) | O11: =IF(A11="","",IF(L10=0,"n/d",L11/L10-1))
A12: =IF(A11="","",IF(EDATE(A11,1)>MAX(Diário!$A$5:$A$400),"",EDATE(A11,1))) | B12: =IF(A12="","",COUNTIFS(Diário!$H$5:$H$400,A12)) | C12: =IF($A12="","",SUMIFS(Diário!$B$5:$B$400,Diário!$H$5:$H$400,$A12)) | D12: =IF($A12="","",SUMIFS(Diário!$E$5:$E$400,Diário!$H$5:$H$400,$A12)) | E12: =IF($A12="","",SUMIFS(Diário!$D$5:$D$400,Diário!$H$5:$H$400,$A12)) | F12: =IF($A12="","",SUMIFS(Diário!$C$5:$C$400,Diário!$H$5:$H$400,$A12)) | G12: =IF(A12="","",SUM(C12:F12)) | H12: =IF(A12="","",C12*Premissas!$C$4) | I12: =IF(A12="","",D12*Premissas!$C$5) | J12: =IF(A12="","",E12*Premissas!$C$6) | K12: =IF(A12="","",F12*Premissas!$C$7) | L12: =IF(A12="","",SUM(H12:K12)) | M12: =IF(A12="","",IF(G12=0,0,L12/G12)) | N12: =IF(A12="","",IF(L12=0,0,I12/L12)) | O12: =IF(A12="","",IF(L11=0,"n/d",L12/L11-1))
A13: =IF(A12="","",IF(EDATE(A12,1)>MAX(Diário!$A$5:$A$400),"",EDATE(A12,1))) | B13: =IF(A13="","",COUNTIFS(Diário!$H$5:$H$400,A13)) | C13: =IF($A13="","",SUMIFS(Diário!$B$5:$B$400,Diário!$H$5:$H$400,$A13)) | D13: =IF($A13="","",SUMIFS(Diário!$E$5:$E$400,Diário!$H$5:$H$400,$A13)) | E13: =IF($A13="","",SUMIFS(Diário!$D$5:$D$400,Diário!$H$5:$H$400,$A13)) | F13: =IF($A13="","",SUMIFS(Diário!$C$5:$C$400,Diário!$H$5:$H$400,$A13)) | G13: =IF(A13="","",SUM(C13:F13)) | H13: =IF(A13="","",C13*Premissas!$C$4) | I13: =IF(A13="","",D13*Premissas!$C$5) | J13: =IF(A13="","",E13*Premissas!$C$6) | K13: =IF(A13="","",F13*Premissas!$C$7) | L13: =IF(A13="","",SUM(H13:K13)) | M13: =IF(A13="","",IF(G13=0,0,L13/G13)) | N13: =IF(A13="","",IF(L13=0,0,I13/L13)) | O13: =IF(A13="","",IF(L12=0,"n/d",L13/L12-1))
A14: =IF(A13="","",IF(EDATE(A13,1)>MAX(Diário!$A$5:$A$400),"",EDATE(A13,1))) | B14: =IF(A14="","",COUNTIFS(Diário!$H$5:$H$400,A14)) | C14: =IF($A14="","",SUMIFS(Diário!$B$5:$B$400,Diário!$H$5:$H$400,$A14)) | D14: =IF($A14="","",SUMIFS(Diário!$E$5:$E$400,Diário!$H$5:$H$400,$A14)) | E14: =IF($A14="","",SUMIFS(Diário!$D$5:$D$400,Diário!$H$5:$H$400,$A14)) | F14: =IF($A14="","",SUMIFS(Diário!$C$5:$C$400,Diário!$H$5:$H$400,$A14)) | G14: =IF(A14="","",SUM(C14:F14)) | H14: =IF(A14="","",C14*Premissas!$C$4) | I14: =IF(A14="","",D14*Premissas!$C$5) | J14: =IF(A14="","",E14*Premissas!$C$6) | K14: =IF(A14="","",F14*Premissas!$C$7) | L14: =IF(A14="","",SUM(H14:K14)) | M14: =IF(A14="","",IF(G14=0,0,L14/G14)) | N14: =IF(A14="","",IF(L14=0,0,I14/L14)) | O14: =IF(A14="","",IF(L13=0,"n/d",L14/L13-1))
A15: =IF(A14="","",IF(EDATE(A14,1)>MAX(Diário!$A$5:$A$400),"",EDATE(A14,1))) | B15: =IF(A15="","",COUNTIFS(Diário!$H$5:$H$400,A15)) | C15: =IF($A15="","",SUMIFS(Diário!$B$5:$B$400,Diário!$H$5:$H$400,$A15)) | D15: =IF($A15="","",SUMIFS(Diário!$E$5:$E$400,Diário!$H$5:$H$400,$A15)) | E15: =IF($A15="","",SUMIFS(Diário!$D$5:$D$400,Diário!$H$5:$H$400,$A15)) | F15: =IF($A15="","",SUMIFS(Diário!$C$5:$C$400,Diário!$H$5:$H$400,$A15)) | G15: =IF(A15="","",SUM(C15:F15)) | H15: =IF(A15="","",C15*Premissas!$C$4) | I15: =IF(A15="","",D15*Premissas!$C$5) | J15: =IF(A15="","",E15*Premissas!$C$6) | K15: =IF(A15="","",F15*Premissas!$C$7) | L15: =IF(A15="","",SUM(H15:K15)) | M15: =IF(A15="","",IF(G15=0,0,L15/G15)) | N15: =IF(A15="","",IF(L15=0,0,I15/L15)) | O15: =IF(A15="","",IF(L14=0,"n/d",L15/L14-1))
A16: =IF(A15="","",IF(EDATE(A15,1)>MAX(Diário!$A$5:$A$400),"",EDATE(A15,1))) | B16: =IF(A16="","",COUNTIFS(Diário!$H$5:$H$400,A16)) | C16: =IF($A16="","",SUMIFS(Diário!$B$5:$B$400,Diário!$H$5:$H$400,$A16)) | D16: =IF($A16="","",SUMIFS(Diário!$E$5:$E$400,Diário!$H$5:$H$400,$A16)) | E16: =IF($A16="","",SUMIFS(Diário!$D$5:$D$400,Diário!$H$5:$H$400,$A16)) | F16: =IF($A16="","",SUMIFS(Diário!$C$5:$C$400,Diário!$H$5:$H$400,$A16)) | G16: =IF(A16="","",SUM(C16:F16)) | H16: =IF(A16="","",C16*Premissas!$C$4) | I16: =IF(A16="","",D16*Premissas!$C$5) | J16: =IF(A16="","",E16*Premissas!$C$6) | K16: =IF(A16="","",F16*Premissas!$C$7) | L16: =IF(A16="","",SUM(H16:K16)) | M16: =IF(A16="","",IF(G16=0,0,L16/G16)) | N16: =IF(A16="","",IF(L16=0,0,I16/L16)) | O16: =IF(A16="","",IF(L15=0,"n/d",L16/L15-1))
A17: =IF(A16="","",IF(EDATE(A16,1)>MAX(Diário!$A$5:$A$400),"",EDATE(A16,1))) | B17: =IF(A17="","",COUNTIFS(Diário!$H$5:$H$400,A17)) | C17: =IF($A17="","",SUMIFS(Diário!$B$5:$B$400,Diário!$H$5:$H$400,$A17)) | D17: =IF($A17="","",SUMIFS(Diário!$E$5:$E$400,Diário!$H$5:$H$400,$A17)) | E17: =IF($A17="","",SUMIFS(Diário!$D$5:$D$400,Diário!$H$5:$H$400,$A17)) | F17: =IF($A17="","",SUMIFS(Diário!$C$5:$C$400,Diário!$H$5:$H$400,$A17)) | G17: =IF(A17="","",SUM(C17:F17)) | H17: =IF(A17="","",C17*Premissas!$C$4) | I17: =IF(A17="","",D17*Premissas!$C$5) | J17: =IF(A17="","",E17*Premissas!$C$6) | K17: =IF(A17="","",F17*Premissas!$C$7) | L17: =IF(A17="","",SUM(H17:K17)) | M17: =IF(A17="","",IF(G17=0,0,L17/G17)) | N17: =IF(A17="","",IF(L17=0,0,I17/L17)) | O17: =IF(A17="","",IF(L16=0,"n/d",L17/L16-1))
... A40: =IF(A39="","",IF(EDATE(A39,1)>MAX(Diário!$A$5:$A$400),"",EDATE(A39,1))) | B40: =IF(A40="","",COUNTIFS(Diário!$H$5:$H$400,A40)) | C40: =IF($A40="","",SUMIFS(Diário!$B$5:$B$400,Diário!$H$5:$H$400,$A40)) | D40: =IF($A40="","",SUMIFS(Diário!$E$5:$E$400,Diário!$H$5:$H$400,$A40)) | E40: =IF($A40="","",SUMIFS(Diário!$D$5:$D$400,Diário!$H$5:$H$400,$A40)) | F40: =IF($A40="","",SUMIFS(Diário!$C$5:$C$400,Diário!$H$5:$H$400,$A40)) | G40: =IF(A40="","",SUM(C40:F40)) | H40: =IF(A40="","",C40*Premissas!$C$4) | I40: =IF(A40="","",D40*Premissas!$C$5) | J40: =IF(A40="","",E40*Premissas!$C$6) | K40: =IF(A40="","",F40*Premissas!$C$7) | L40: =IF(A40="","",SUM(H40:K40)) | M40: =IF(A40="","",IF(G40=0,0,L40/G40)) | N40: =IF(A40="","",IF(L40=0,0,I40/L40)) | O40: =IF(A40="","",IF(L39=0,"n/d",L40/L39-1))

Sheet Consolidado
A1: Consolidado de disparos WhatsApp: volume e custo estimado por mês
A2: Disparos = mensagens iniciadas pela empresa (Utilidade + Marketing Lite + Marketing + Autenticação). Jan/25 a set/26 vêm da aba Histórico diário; out/26 em diante vêm da aba Diário. O custo usa as tarifas da aba Tarifas por mês (meses de jan/25 a set/26) e de Premissas (demais meses). Linha em amarelo claro = mês parcial.
A4: Último mês completo | B4: =_xlfn.MAXIFS($A$14:$A$61,$S$14:$S$61,1) -> 46266
A5: Período | B5: Meses | C5: Disparos | D5: Custo estimado (R$) | E5: Custo médio por disparo (R$) | F5: Custo médio por mês (R$)
A6: ="Ano "&(YEAR($B$4)-1)&" completo" -> Ano 2025 completo | B6: =COUNTIFS($A$14:$A$61,">="&DATE(YEAR($B$4)-1,1,1),$A$14:$A$61,"<="&DATE(YEAR($B$4)-1,12,1),$S$14:$S$61,1) -> 12 | C6: =SUMIFS($G$14:$G$61,$A$14:$A$61,">="&DATE(YEAR($B$4)-1,1,1),$A$14:$A$61,"<="&DATE(YEAR($B$4)-1,12,1),$S$14:$S$61,1) -> 645377 | D6: =SUMIFS($L$14:$L$61,$A$14:$A$61,">="&DATE(YEAR($B$4)-1,1,1),$A$14:$A$61,"<="&DATE(YEAR($B$4)-1,12,1),$S$14:$S$61,1) -> 378671.76 | E6: =IF(C6=0,0,D6/C6) -> 0.58674505 | F6: =IF(B6=0,0,D6/B6) -> 31555.98
A7: ="Ano "&YEAR($B$4)&" (jan a "&CHOOSE(MONTH($B$4),"jan","fev","mar","abr","mai","jun","jul","ago","set","out","nov","dez")&")" -> Ano 2026 (jan a set) | B7: =COUNTIFS($A$14:$A$61,">="&DATE(YEAR($B$4),1,1),$A$14:$A$61,"<="&$B$4,$S$14:$S$61,1) -> 9 | C7: =SUMIFS($G$14:$G$61,$A$14:$A$61,">="&DATE(YEAR($B$4),1,1),$A$14:$A$61,"<="&$B$4,$S$14:$S$61,1) -> 969444 | D7: =SUMIFS($L$14:$L$61,$A$14:$A$61,">="&DATE(YEAR($B$4),1,1),$A$14:$A$61,"<="&$B$4,$S$14:$S$61,1) -> 446794.71 | E7: =IF(C7=0,0,D7/C7) -> 0.46087728 | F7: =IF(B7=0,0,D7/B7) -> 49643.857
A8: ="Ano "&(YEAR($B$4)-1)&" (jan a "&CHOOSE(MONTH($B$4),"jan","fev","mar","abr","mai","jun","jul","ago","set","out","nov","dez")&")" -> Ano 2025 (jan a set) | B8: =COUNTIFS($A$14:$A$61,">="&DATE(YEAR($B$4)-1,1,1),$A$14:$A$61,"<="&EDATE($B$4,-12),$S$14:$S$61,1) -> 9 | C8: =SUMIFS($G$14:$G$61,$A$14:$A$61,">="&DATE(YEAR($B$4)-1,1,1),$A$14:$A$61,"<="&EDATE($B$4,-12),$S$14:$S$61,1) -> 518169 | D8: =SUMIFS($L$14:$L$61,$A$14:$A$61,">="&DATE(YEAR($B$4)-1,1,1),$A$14:$A$61,"<="&EDATE($B$4,-12),$S$14:$S$61,1) -> 309978.72 | E8: =IF(C8=0,0,D8/C8) -> 0.59821935 | F8: =IF(B8=0,0,D8/B8) -> 34442.08
A9: Variação vs. mesmo período do ano anterior | C9: =IF(C8=0,"n/d",C7/C8-1) -> 0.87090312 | D9: =IF(D8=0,"n/d",D7/D8-1) -> 0.4413722 | E9: =IF(E8=0,"n/d",E7/E8-1) -> -0.2295848 | F9: =IF(F8=0,"n/d",F7/F8-1) -> 0.4413722
A10: Acumulado desde jan/25 (inclui mês parcial) | B10: =COUNT($A$14:$A$61) -> 22 | C10: =SUM($G$14:$G$61) -> 1786012 | D10: =SUM($L$14:$L$61) -> 845816.46 | E10: =IF(C10=0,0,D10/C10) -> 0.47357826 | F10: =IF(B10=0,0,D10/B10) -> 38446.203
A11: Meses parciais ficam fora das linhas de período (veja Dias com dados) e entram só no acumulado.
C12: Disparos | H12: Custo estimado (R$)
A13: Mês | B13: Dias com dados | C13: Utilidade | D13: Marketing Lite | E13: Marketing | F13: Autenticação | G13: Total de disparos | H13: Utilidade | I13: Marketing Lite | J13: Marketing | K13: Autenticação | L13: Custo total | M13: Custo médio por disparo (R$) | N13: Média diária de disparos | O13: Pico diário (disparos) | P13: Dia de pico | Q13: Var. do custo vs. mês anterior | R13: Var. do custo vs. mesmo mês do ano anterior | S13: Mês completo (1 = sim)
A14: =MIN('Histórico diário'!$G$5:$G$642) -> 45658 | B14: =IF(A14="","",COUNTIFS('Histórico diário'!$G$5:$G$642,A14)+COUNTIFS(Diário!$H$5:$H$400,A14)) -> 31 | C14: =IF($A14="","",SUMIFS('Histórico diário'!$B$5:$B$642,'Histórico diário'!$G$5:$G$642,$A14)+SUMIFS(Diário!$B$5:$B$400,Diário!$H$5:$H$400,$A14)) -> 0 | D14: =IF($A14="","",SUMIFS('Histórico diário'!$E$5:$E$642,'Histórico diário'!$G$5:$G$642,$A14)+SUMIFS(Diário!$E$5:$E$400,Diário!$H$5:$H$400,$A14)) -> 0 | E14: =IF($A14="","",SUMIFS('Histórico diário'!$D$5:$D$642,'Histórico diário'!$G$5:$G$642,$A14)+SUMIFS(Diário!$D$5:$D$400,Diário!$H$5:$H$400,$A14)) -> 31537 | F14: =IF($A14="","",SUMIFS('Histórico diário'!$C$5:$C$642,'Histórico diário'!$G$5:$G$642,$A14)+SUMIFS(Diário!$C$5:$C$400,Diário!$H$5:$H$400,$A14)) -> 0 | G14: =IF(A14="","",SUM(C14:F14)) -> 31537 | H14: =IF($A14="","",C14*IFERROR(INDEX('Tarifas por mês'!$B$5:$B$25,MATCH($A14,'Tarifas por mês'!$A$5:$A$25,0)),Premissas!$C$4)) -> 0 | I14: =IF($A14="","",D14*IFERROR(INDEX('Tarifas por mês'!$C$5:$C$25,MATCH($A14,'Tarifas por mês'!$A$5:$A$25,0)),Premissas!$C$5)) -> 0 | J14: =IF($A14="","",E14*IFERROR(INDEX('Tarifas por mês'!$D$5:$D$25,MATCH($A14,'Tarifas por mês'!$A$5:$A$25,0)),Premissas!$C$6)) -> 18922.2 | K14: =IF($A14="","",F14*IFERROR(INDEX('Tarifas por mês'!$E$5:$E$25,MATCH($A14,'Tarifas por mês'!$A$5:$A$25,0)),Premissas!$C$7)) -> 0 | L14: =IF(A14="","",SUM(H14:K14)) -> 18922.2 | M14: =IF(A14="","",IF(G14=0,0,L14/G14)) -> 0.6 | N14: =IF(A14="","",IF(B14=0,0,G14/B14)) -> 1017.3226 | O14: =IF(A14="","",MAX(_xlfn.MAXIFS('Histórico diário'!$F$5:$F$642,'Histórico diário'!$G$5:$G$642,$A14),_xlfn.MAXIFS(Diário!$F$5:$F$400,Diário!$H$5:$H$400,$A14))) -> 10198 | P14: =IF($A14="","",IF(O14=0,"",IF(_xlfn.MAXIFS('Histórico diário'!$F$5:$F$642,'Histórico diário'!$G$5:$G$642,$A14)>=_xlfn.MAXIFS(Diário!$F$5:$F$400,Diário!$H$5:$H$400,$A14),SUMPRODUCT(MAX(('Histórico diário'!$G$5:$G$642=$A14)*('Histórico diário'!$F$5:$F$642=O14)*'Histórico diário'!$A$5:$A$642)),SUMPRODUCT(MAX((Diário!$H$5:$H$400=$A14)*(Diário!$F$5:$F$400=O14)*Diário!$A$5:$A$400))))) -> 45684 | Q14: =IF(A14="","","n/d") -> n/d | R14: =IF(A14="","","n/d") -> n/d | S14: =IF(A14="","",IF(B14=DAY(EOMONTH(A14,0)),1,0)) -> 1
A15: =IF(A14="","",IF(EDATE(A14,1)>MAX(MAX('Histórico diário'!$A$5:$A$642),MAX(Diário!$A$5:$A$400)),"",EDATE(A14,1))) -> 45689 | B15: =IF(A15="","",COUNTIFS('Histórico diário'!$G$5:$G$642,A15)+COUNTIFS(Diário!$H$5:$H$400,A15)) -> 28 | C15: =IF($A15="","",SUMIFS('Histórico diário'!$B$5:$B$642,'Histórico diário'!$G$5:$G$642,$A15)+SUMIFS(Diário!$B$5:$B$400,Diário!$H$5:$H$400,$A15)) -> 0 | D15: =IF($A15="","",SUMIFS('Histórico diário'!$E$5:$E$642,'Histórico diário'!$G$5:$G$642,$A15)+SUMIFS(Diário!$E$5:$E$400,Diário!$H$5:$H$400,$A15)) -> 0 | E15: =IF($A15="","",SUMIFS('Histórico diário'!$D$5:$D$642,'Histórico diário'!$G$5:$G$642,$A15)+SUMIFS(Diário!$D$5:$D$400,Diário!$H$5:$H$400,$A15)) -> 35732 | F15: =IF($A15="","",SUMIFS('Histórico diário'!$C$5:$C$642,'Histórico diário'!$G$5:$G$642,$A15)+SUMIFS(Diário!$C$5:$C$400,Diário!$H$5:$H$400,$A15)) -> 0 | G15: =IF(A15="","",SUM(C15:F15)) -> 35732 | H15: =IF($A15="","",C15*IFERROR(INDEX('Tarifas por mês'!$B$5:$B$25,MATCH($A15,'Tarifas por mês'!$A$5:$A$25,0)),Premissas!$C$4)) -> 0 | I15: =IF($A15="","",D15*IFERROR(INDEX('Tarifas por mês'!$C$5:$C$25,MATCH($A15,'Tarifas por mês'!$A$5:$A$25,0)),Premissas!$C$5)) -> 0 | J15: =IF($A15="","",E15*IFERROR(INDEX('Tarifas por mês'!$D$5:$D$25,MATCH($A15,'Tarifas por mês'!$A$5:$A$25,0)),Premissas!$C$6)) -> 21439.2 | K15: =IF($A15="","",F15*IFERROR(INDEX('Tarifas por mês'!$E$5:$E$25,MATCH($A15,'Tarifas por mês'!$A$5:$A$25,0)),Premissas!$C$7)) -> 0 | L15: =IF(A15="","",SUM(H15:K15)) -> 21439.2 | M15: =IF(A15="","",IF(G15=0,0,L15/G15)) -> 0.6 | N15: =IF(A15="","",IF(B15=0,0,G15/B15)) -> 1276.1429 | O15: =IF(A15="","",MAX(_xlfn.MAXIFS('Histórico diário'!$F$5:$F$642,'Histórico diário'!$G$5:$G$642,$A15),_xlfn.MAXIFS(Diário!$F$5:$F$400,Diário!$H$5:$H$400,$A15))) -> 8271 | P15: =IF($A15="","",IF(O15=0,"",IF(_xlfn.MAXIFS('Histórico diário'!$F$5:$F$642,'Histórico diário'!$G$5:$G$642,$A15)>=_xlfn.MAXIFS(Diário!$F$5:$F$400,Diário!$H$5:$H$400,$A15),SUMPRODUCT(MAX(('Histórico diário'!$G$5:$G$642=$A15)*('Histórico diário'!$F$5:$F$642=O15)*'Histórico diário'!$A$5:$A$642)),SUMPRODUCT(MAX((Diário!$H$5:$H$400=$A15)*(Diário!$F$5:$F$400=O15)*Diário!$A$5:$A$400))))) -> 45714 | Q15: =IF(A15="","",IF(S15=0,"parcial",IF(L14=0,"n/d",L15/L14-1))) -> 0.13301836 | R15: =IF(A15="","","n/d") -> n/d | S15: =IF(A15="","",IF(B15=DAY(EOMONTH(A15,0)),1,0)) -> 1
A16: =IF(A15="","",IF(EDATE(A15,1)>MAX(MAX('Histórico diário'!$A$5:$A$642),MAX(Diário!$A$5:$A$400)),"",EDATE(A15,1))) -> 45717 | B16: =IF(A16="","",COUNTIFS('Histórico diário'!$G$5:$G$642,A16)+COUNTIFS(Diário!$H$5:$H$400,A16)) -> 31 | C16: =IF($A16="","",SUMIFS('Histórico diário'!$B$5:$B$642,'Histórico diário'!$G$5:$G$642,$A16)+SUMIFS(Diário!$B$5:$B$400,Diário!$H$5:$H$400,$A16)) -> 0 | D16: =IF($A16="","",SUMIFS('Histórico diário'!$E$5:$E$642,'Histórico diário'!$G$5:$G$642,$A16)+SUMIFS(Diário!$E$5:$E$400,Diário!$H$5:$H$400,$A16)) -> 0 | E16: =IF($A16="","",SUMIFS('Histórico diário'!$D$5:$D$642,'Histórico diário'!$G$5:$G$642,$A16)+SUMIFS(Diário!$D$5:$D$400,Diário!$H$5:$H$400,$A16)) -> 56910 | F16: =IF($A16="","",SUMIFS('Histórico diário'!$C$5:$C$642,'Histórico diário'!$G$5:$G$642,$A16)+SUMIFS(Diário!$C$5:$C$400,Diário!$H$5:$H$400,$A16)) -> 0 | G16: =IF(A16="","",SUM(C16:F16)) -> 56910 | H16: =IF($A16="","",C16*IFERROR(INDEX('Tarifas por mês'!$B$5:$B$25,MATCH($A16,'Tarifas por mês'!$A$5:$A$25,0)),Premissas!$C$4)) -> 0 | I16: =IF($A16="","",D16*IFERROR(INDEX('Tarifas por mês'!$C$5:$C$25,MATCH($A16,'Tarifas por mês'!$A$5:$A$25,0)),Premissas!$C$5)) -> 0 | J16: =IF($A16="","",E16*IFERROR(INDEX('Tarifas por mês'!$D$5:$D$25,MATCH($A16,'Tarifas por mês'!$A$5:$A$25,0)),Premissas!$C$6)) -> 34146 | K16: =IF($A16="","",F16*IFERROR(INDEX('Tarifas por mês'!$E$5:$E$25,MATCH($A16,'Tarifas por mês'!$A$5:$A$25,0)),Premissas!$C$7)) -> 0 | L16: =IF(A16="","",SUM(H16:K16)) -> 34146 | M16: =IF(A16="","",IF(G16=0,0,L16/G16)) -> 0.6 | N16: =IF(A16="","",IF(B16=0,0,G16/B16)) -> 1835.8065 | O16: =IF(A16="","",MAX(_xlfn.MAXIFS('Histórico diário'!$F$5:$F$642,'Histórico diário'!$G$5:$G$642,$A16),_xlfn.MAXIFS(Diário!$F$5:$F$400,Diário!$H$5:$H$400,$A16))) -> 15288 | P16: =IF($A16="","",IF(O16=0,"",IF(_xlfn.MAXIFS('Histórico diário'!$F$5:$F$642,'Histórico diário'!$G$5:$G$642,$A16)>=_xlfn.MAXIFS(Diário!$F$5:$F$400,Diário!$H$5:$H$400,$A16),SUMPRODUCT(MAX(('Histórico diário'!$G$5:$G$642=$A16)*('Histórico diário'!$F$5:$F$642=O16)*'Histórico diário'!$A$5:$A$642)),SUMPRODUCT(MAX((Diário!$H$5:$H$400=$A16)*(Diário!$F$5:$F$400=O16)*Diário!$A$5:$A$400))))) -> 45745 | Q16: =IF(A16="","",IF(S16=0,"parcial",IF(L15=0,"n/d",L16/L15-1))) -> 0.59269003 | R16: =IF(A16="","","n/d") -> n/d | S16: =IF(A16="","",IF(B16=DAY(EOMONTH(A16,0)),1,0)) -> 1
A17: =IF(A16="","",IF(EDATE(A16,1)>MAX(MAX('Histórico diário'!$A$5:$A$642),MAX(Diário!$A$5:$A$400)),"",EDATE(A16,1))) -> 45748 | B17: =IF(A17="","",COUNTIFS('Histórico diário'!$G$5:$G$642,A17)+COUNTIFS(Diário!$H$5:$H$400,A17)) -> 30 | C17: =IF($A17="","",SUMIFS('Histórico diário'!$B$5:$B$642,'Histórico diário'!$G$5:$G$642,$A17)+SUMIFS(Diário!$B$5:$B$400,Diário!$H$5:$H$400,$A17)) -> 0 | D17: =IF($A17="","",SUMIFS('Histórico diário'!$E$5:$E$642,'Histórico diário'!$G$5:$G$642,$A17)+SUMIFS(Diário!$E$5:$E$400,Diário!$H$5:$H$400,$A17)) -> 0 | E17: =IF($A17="","",SUMIFS('Histórico diário'!$D$5:$D$642,'Histórico diário'!$G$5:$G$642,$A17)+SUMIFS(Diário!$D$5:$D$400,Diário!$H$5:$H$400,$A17)) -> 71158 | F17: =IF($A17="","",SUMIFS('Histórico diário'!$C$5:$C$642,'Histórico diário'!$G$5:$G$642,$A17)+SUMIFS(Diário!$C$5:$C$400,Diário!$H$5:$H$400,$A17)) -> 0 | G17: =IF(A17="","",SUM(C17:F17)) -> 71158 | H17: =IF($A17="","",C17*IFERROR(INDEX('Tarifas por mês'!$B$5:$B$25,MATCH($A17,'Tarifas por mês'!$A$5:$A$25,0)),Premissas!$C$4)) -> 0 | I17: =IF($A17="","",D17*IFERROR(INDEX('Tarifas por mês'!$C$5:$C$25,MATCH($A17,'Tarifas por mês'!$A$5:$A$25,0)),Premissas!$C$5)) -> 0 | J17: =IF($A17="","",E17*IFERROR(INDEX('Tarifas por mês'!$D$5:$D$25,MATCH($A17,'Tarifas por mês'!$A$5:$A$25,0)),Premissas!$C$6)) -> 42694.8 | K17: =IF($A17="","",F17*IFERROR(INDEX('Tarifas por mês'!$E$5:$E$25,MATCH($A17,'Tarifas por mês'!$A$5:$A$25,0)),Premissas!$C$7)) -> 0 | L17: =IF(A17="","",SUM(H17:K17)) -> 42694.8 | M17: =IF(A17="","",IF(G17=0,0,L17/G17)) -> 0.6 | N17: =IF(A17="","",IF(B17=0,0,G17/B17)) -> 2371.9333 | O17: =IF(A17="","",MAX(_xlfn.MAXIFS('Histórico diário'!$F$5:$F$642,'Histórico diário'!$G$5:$G$642,$A17),_xlfn.MAXIFS(Diário!$F$5:$F$400,Diário!$H$5:$H$400,$A17))) -> 13970 | P17: =IF($A17="","",IF(O17=0,"",IF(_xlfn.MAXIFS('Histórico diário'!$F$5:$F$642,'Histórico diário'!$G$5:$G$642,$A17)>=_xlfn.MAXIFS(Diário!$F$5:$F$400,Diário!$H$5:$H$400,$A17),SUMPRODUCT(MAX(('Histórico diário'!$G$5:$G$642=$A17)*('Histórico diário'!$F$5:$F$642=O17)*'Histórico diário'!$A$5:$A$642)),SUMPRODUCT(MAX((Diário!$H$5:$H$400=$A17)*(Diário!$F$5:$F$400=O17)*Diário!$A$5:$A$400))))) -> 45760 | Q17: =IF(A17="","",IF(S17=0,"parcial",IF(L16=0,"n/d",L17/L16-1))) -> 0.25036022 | R17: =IF(A17="","","n/d") -> n/d | S17: =IF(A17="","",IF(B17=DAY(EOMONTH(A17,0)),1,0)) -> 1
A18: =IF(A17="","",IF(EDATE(A17,1)>MAX(MAX('Histórico diário'!$A$5:$A$642),MAX(Diário!$A$5:$A$400)),"",EDATE(A17,1))) -> 45778 | B18: =IF(A18="","",COUNTIFS('Histórico diário'!$G$5:$G$642,A18)+COUNTIFS(Diário!$H$5:$H$400,A18)) -> 31 | C18: =IF($A18="","",SUMIFS('Histórico diário'!$B$5:$B$642,'Histórico diário'!$G$5:$G$642,$A18)+SUMIFS(Diário!$B$5:$B$400,Diário!$H$5:$H$400,$A18)) -> 0 | D18: =IF($A18="","",SUMIFS('Histórico diário'!$E$5:$E$642,'Histórico diário'!$G$5:$G$642,$A18)+SUMIFS(Diário!$E$5:$E$400,Diário!$H$5:$H$400,$A18)) -> 0 | E18: =IF($A18="","",SUMIFS('Histórico diário'!$D$5:$D$642,'Histórico diário'!$G$5:$G$642,$A18)+SUMIFS(Diário!$D$5:$D$400,Diário!$H$5:$H$400,$A18)) -> 116608 | F18: =IF($A18="","",SUMIFS('Histórico diário'!$C$5:$C$642,'Histórico diário'!$G$5:$G$642,$A18)+SUMIFS(Diário!$C$5:$C$400,Diário!$H$5:$H$400,$A18)) -> 0 | G18: =IF(A18="","",SUM(C18:F18)) -> 116608 | H18: =IF($A18="","",C18*IFERROR(INDEX('Tarifas por mês'!$B$5:$B$25,MATCH($A18,'Tarifas por mês'!$A$5:$A$25,0)),Premissas!$C$4)) -> 0 | I18: =IF($A18="","",D18*IFERROR(INDEX('Tarifas por mês'!$C$5:$C$25,MATCH($A18,'Tarifas por mês'!$A$5:$A$25,0)),Premissas!$C$5)) -> 0 | J18: =IF($A18="","",E18*IFERROR(INDEX('Tarifas por mês'!$D$5:$D$25,MATCH($A18,'Tarifas por mês'!$A$5:$A$25,0)),Premissas!$C$6)) -> 69964.8 | K18: =IF($A18="","",F18*IFERROR(INDEX('Tarifas por mês'!$E$5:$E$25,MATCH($A18,'Tarifas por mês'!$A$5:$A$25,0)),Premissas!$C$7)) -> 0 | L18: =IF(A18="","",SUM(H18:K18)) -> 69964.8 | M18: =IF(A18="","",IF(G18=0,0,L18/G18)) -> 0.6 | N18: =IF(A18="","",IF(B18=0,0,G18/B18)) -> 3761.5484 | O18: =IF(A18="","",MAX(_xlfn.MAXIFS('Histórico diário'!$F$5:$F$642,'Histórico diário'!$G$5:$G$642,$A18),_xlfn.MAXIFS(Diário!$F$5:$F$400,Diário!$H$5:$H$400,$A18))) -> 17672 | P18: =IF($A18="","",IF(O18=0,"",IF(_xlfn.MAXIFS('Histórico diário'!$F$5:$F$642,'Histórico diário'!$G$5:$G$642,$A18)>=_xlfn.MAXIFS(Diário!$F$5:$F$400,Diário!$H$5:$H$400,$A18),SUMPRODUCT(MAX(('Histórico diário'!$G$5:$G$642=$A18)*('Histórico diário'!$F$5:$F$642=O18)*'Histórico diário'!$A$5:$A$642)),SUMPRODUCT(MAX((Diário!$H$5:$H$400=$A18)*(Diário!$F$5:$F$400=O18)*Diário!$A$5:$A$400))))) -> 45781 | Q18: =IF(A18="","",IF(S18=0,"parcial",IF(L17=0,"n/d",L18/L17-1))) -> 0.63871947 | R18: =IF(A18="","","n/d") -> n/d | S18: =IF(A18="","",IF(B18=DAY(EOMONTH(A18,0)),1,0)) -> 1
A19: =IF(A18="","",IF(EDATE(A18,1)>MAX(MAX('Histórico diário'!$A$5:$A$642),MAX(Diário!$A$5:$A$400)),"",EDATE(A18,1))) -> 45809 | B19: =IF(A19="","",COUNTIFS('Histórico diário'!$G$5:$G$642,A19)+COUNTIFS(Diário!$H$5:$H$400,A19)) -> 30 | C19: =IF($A19="","",SUMIFS('Histórico diário'!$B$5:$B$642,'Histórico diário'!$G$5:$G$642,$A19)+SUMIFS(Diário!$B$5:$B$400,Diário!$H$5:$H$400,$A19)) -> 0 | D19: =IF($A19="","",SUMIFS('Histórico diário'!$E$5:$E$642,'Histórico diário'!$G$5:$G$642,$A19)+SUMIFS(Diário!$E$5:$E$400,Diário!$H$5:$H$400,$A19)) -> 0 | E19: =IF($A19="","",SUMIFS('Histórico diário'!$D$5:$D$642,'Histórico diário'!$G$5:$G$642,$A19)+SUMIFS(Diário!$D$5:$D$400,Diário!$H$5:$H$400,$A19)) -> 78258 | F19: =IF($A19="","",SUMIFS('Histórico diário'!$C$5:$C$642,'Histórico diário'!$G$5:$G$642,$A19)+SUMIFS(Diário!$C$5:$C$400,Diário!$H$5:$H$400,$A19)) -> 0 | G19: =IF(A19="","",SUM(C19:F19)) -> 78258 | H19: =IF($A19="","",C19*IFERROR(INDEX('Tarifas por mês'!$B$5:$B$25,MATCH($A19,'Tarifas por mês'!$A$5:$A$25,0)),Premissas!$C$4)) -> 0 | I19: =IF($A19="","",D19*IFERROR(INDEX('Tarifas por mês'!$C$5:$C$25,MATCH($A19,'Tarifas por mês'!$A$5:$A$25,0)),Premissas!$C$5)) -> 0 | J19: =IF($A19="","",E19*IFERROR(INDEX('Tarifas por mês'!$D$5:$D$25,MATCH($A19,'Tarifas por mês'!$A$5:$A$25,0)),Premissas!$C$6)) -> 46954.8 | K19: =IF($A19="","",F19*IFERROR(INDEX('Tarifas por mês'!$E$5:$E$25,MATCH($A19,'Tarifas por mês'!$A$5:$A$25,0)),Premissas!$C$7)) -> 0 | L19: =IF(A19="","",SUM(H19:K19)) -> 46954.8 | M19: =IF(A19="","",IF(G19=0,0,L19/G19)) -> 0.6 | N19: =IF(A19="","",IF(B19=0,0,G19/B19)) -> 2608.6 | O19: =IF(A19="","",MAX(_xlfn.MAXIFS('Histórico diário'!$F$5:$F$642,'Histórico diário'!$G$5:$G$642,$A19),_xlfn.MAXIFS(Diário!$F$5:$F$400,Diário!$H$5:$H$400,$A19))) -> 20036 | P19: =IF($A19="","",IF(O19=0,"",IF(_xlfn.MAXIFS('Histórico diário'!$F$5:$F$642,'Histórico diário'!$G$5:$G$642,$A19)>=_xlfn.MAXIFS(Diário!$F$5:$F$400,Diário!$H$5:$H$400,$A19),SUMPRODUCT(MAX(('Histórico diário'!$G$5:$G$642=$A19)*('Histórico diário'!$F$5:$F$642=O19)*'Histórico diário'!$A$5:$A$642)),SUMPRODUCT(MAX((Diário!$H$5:$H$400=$A19)*(Diário!$F$5:$F$400=O19)*Diário!$A$5:$A$400))))) -> 45819 | Q19: =IF(A19="","",IF(S19=0,"parcial",IF(L18=0,"n/d",L19/L18-1))) -> -0.32887967 | R19: =IF(A19="","","n/d") -> n/d | S19: =IF(A19="","",IF(B19=DAY(EOMONTH(A19,0)),1,0)) -> 1
A20: =IF(A19="","",IF(EDATE(A19,1)>MAX(MAX('Histórico diário'!$A$5:$A$642),MAX(Diário!$A$5:$A$400)),"",EDATE(A19,1))) -> 45839 | B20: =IF(A20="","",COUNTIFS('Histórico diário'!$G$5:$G$642,A20)+COUNTIFS(Diário!$H$5:$H$400,A20)) -> 31 | C20: =IF($A20="","",SUMIFS('Histórico diário'!$B$5:$B$642,'Histórico diário'!$G$5:$G$642,$A20)+SUMIFS(Diário!$B$5:$B$400,Diário!$H$5:$H$400,$A20)) -> 0 | D20: =IF($A20="","",SUMIFS('Histórico diário'!$E$5:$E$642,'Histórico diário'!$G$5:$G$642,$A20)+SUMIFS(Diário!$E$5:$E$400,Diário!$H$5:$H$400,$A20)) -> 0 | E20: =IF($A20="","",SUMIFS('Histórico diário'!$D$5:$D$642,'Histórico diário'!$G$5:$G$642,$A20)+SUMIFS(Diário!$D$5:$D$400,Diário!$H$5:$H$400,$A20)) -> 38669 | F20: =IF($A20="","",SUMIFS('Histórico diário'!$C$5:$C$642,'Histórico diário'!$G$5:$G$642,$A20)+SUMIFS(Diário!$C$5:$C$400,Diário!$H$5:$H$400,$A20)) -> 0 | G20: =IF(A20="","",SUM(C20:F20)) -> 38669 | H20: =IF($A20="","",C20*IFERROR(INDEX('Tarifas por mês'!$B$5:$B$25,MATCH($A20,'Tarifas por mês'!$A$5:$A$25,0)),Premissas!$C$4)) -> 0 | I20: =IF($A20="","",D20*IFERROR(INDEX('Tarifas por mês'!$C$5:$C$25,MATCH($A20,'Tarifas por mês'!$A$5:$A$25,0)),Premissas!$C$5)) -> 0 | J20: =IF($A20="","",E20*IFERROR(INDEX('Tarifas por mês'!$D$5:$D$25,MATCH($A20,'Tarifas por mês'!$A$5:$A$25,0)),Premissas!$C$6)) -> 23201.4 | K20: =IF($A20="","",F20*IFERROR(INDEX('Tarifas por mês'!$E$5:$E$25,MATCH($A20,'Tarifas por mês'!$A$5:$A$25,0)),Premissas!$C$7)) -> 0 | L20: =IF(A20="","",SUM(H20:K20)) -> 23201.4 | M20: =IF(A20="","",IF(G20=0,0,L20/G20)) -> 0.6 | N20: =IF(A20="","",IF(B20=0,0,G20/B20)) -> 1247.3871 | O20: =IF(A20="","",MAX(_xlfn.MAXIFS('Histórico diário'!$F$5:$F$642,'Histórico diário'!$G$5:$G$642,$A20),_xlfn.MAXIFS(Diário!$F$5:$F$400,Diário!$H$5:$H$400,$A20))) -> 8227 | P20: =IF($A20="","",IF(O20=0,"",IF(_xlfn.MAXIFS('Histórico diário'!$F$5:$F$642,'Histórico diário'!$G$5:$G$642,$A20)>=_xlfn.MAXIFS(Diário!$F$5:$F$400,Diário!$H$5:$H$400,$A20),SUMPRODUCT(MAX(('Histórico diário'!$G$5:$G$642=$A20)*('Histórico diário'!$F$5:$F$642=O20)*'Histórico diário'!$A$5:$A$642)),SUMPRODUCT(MAX((Diário!$H$5:$H$400=$A20)*(Diário!$F$5:$F$400=O20)*Diário!$A$5:$A$400))))) -> 45849 | Q20: =IF(A20="","",IF(S20=0,"parcial",IF(L19=0,"n/d",L20/L19-1))) -> -0.50587799 | R20: =IF(A20="","","n/d") -> n/d | S20: =IF(A20="","",IF(B20=DAY(EOMONTH(A20,0)),1,0)) -> 1
A21: =IF(A20="","",IF(EDATE(A20,1)>MAX(MAX('Histórico diário'!$A$5:$A$642),MAX(Diário!$A$5:$A$400)),"",EDATE(A20,1))) -> 45870 | B21: =IF(A21="","",COUNTIFS('Histórico diário'!$G$5:$G$642,A21)+COUNTIFS(Diário!$H$5:$H$400,A21)) -> 31 | C21: =IF($A21="","",SUMIFS('Histórico diário'!$B$5:$B$642,'Histórico diário'!$G$5:$G$642,$A21)+SUMIFS(Diário!$B$5:$B$400,Diário!$H$5:$H$400,$A21)) -> 0 | D21: =IF($A21="","",SUMIFS('Histórico diário'!$E$5:$E$642,'Histórico diário'!$G$5:$G$642,$A21)+SUMIFS(Diário!$E$5:$E$400,Diário!$H$5:$H$400,$A21)) -> 0 | E21: =IF($A21="","",SUMIFS('Histórico diário'!$D$5:$D$642,'Histórico diário'!$G$5:$G$642,$A21)+SUMIFS(Diário!$D$5:$D$400,Diário!$H$5:$H$400,$A21)) -> 29419 | F21: =IF($A21="","",SUMIFS('Histórico diário'!$C$5:$C$642,'Histórico diário'!$G$5:$G$642,$A21)+SUMIFS(Diário!$C$5:$C$400,Diário!$H$5:$H$400,$A21)) -> 0 | G21: =IF(A21="","",SUM(C21:F21)) -> 29419 | H21: =IF($A21="","",C21*IFERROR(INDEX('Tarifas por mês'!$B$5:$B$25,MATCH($A21,'Tarifas por mês'!$A$5:$A$25,0)),Premissas!$C$4)) -> 0 | I21: =IF($A21="","",D21*IFERROR(INDEX('Tarifas por mês'!$C$5:$C$25,MATCH($A21,'Tarifas por mês'!$A$5:$A$25,0)),Premissas!$C$5)) -> 0 | J21: =IF($A21="","",E21*IFERROR(INDEX('Tarifas por mês'!$D$5:$D$25,MATCH($A21,'Tarifas por mês'!$A$5:$A$25,0)),Premissas!$C$6)) -> 17651.4 | K21: =IF($A21="","",F21*IFERROR(INDEX('Tarifas por mês'!$E$5:$E$25,MATCH($A21,'Tarifas por mês'!$A$5:$A$25,0)),Premissas!$C$7)) -> 0 | L21: =IF(A21="","",SUM(H21:K21)) -> 17651.4 | M21: =IF(A21="","",IF(G21=0,0,L21/G21)) -> 0.6 | N21: =IF(A21="","",IF(B21=0,0,G21/B21)) -> 949 | O21: =IF(A21="","",MAX(_xlfn.MAXIFS('Histórico diário'!$F$5:$F$642,'Histórico diário'!$G$5:$G$642,$A21),_xlfn.MAXIFS(Diário!$F$5:$F$400,Diário!$H$5:$H$400,$A21))) -> 6765 | P21: =IF($A21="","",IF(O21=0,"",IF(_xlfn.MAXIFS('Histórico diário'!$F$5:$F$642,'Histórico diário'!$G$5:$G$642,$A21)>=_xlfn.MAXIFS(Diário!$F$5:$F$400,Diário!$H$5:$H$400,$A21),SUMPRODUCT(MAX(('Histórico diário'!$G$5:$G$642=$A21)*('Histórico diário'!$F$5:$F$642=O21)*'Histórico diário'!$A$5:$A$642)),SUMPRODUCT(MAX((Diário!$H$5:$H$400=$A21)*(Diário!$F$5:$F$400=O21)*Diário!$A$5:$A$400))))) -> 45881 | Q21: =IF(A21="","",IF(S21=0,"parcial",IF(L20=0,"n/d",L21/L20-1))) -> -0.2392097 | R21: =IF(A21="","","n/d") -> n/d | S21: =IF(A21="","",IF(B21=DAY(EOMONTH(A21,0)),1,0)) -> 1
A22: =IF(A21="","",IF(EDATE(A21,1)>MAX(MAX('Histórico diário'!$A$5:$A$642),MAX(Diário!$A$5:$A$400)),"",EDATE(A21,1))) -> 45901 | B22: =IF(A22="","",COUNTIFS('Histórico diário'!$G$5:$G$642,A22)+COUNTIFS(Diário!$H$5:$H$400,A22)) -> 30 | C22: =IF($A22="","",SUMIFS('Histórico diário'!$B$5:$B$642,'Histórico diário'!$G$5:$G$642,$A22)+SUMIFS(Diário!$B$5:$B$400,Diário!$H$5:$H$400,$A22)) -> 0 | D22: =IF($A22="","",SUMIFS('Histórico diário'!$E$5:$E$642,'Histórico diário'!$G$5:$G$642,$A22)+SUMIFS(Diário!$E$5:$E$400,Diário!$H$5:$H$400,$A22)) -> 15378 | E22: =IF($A22="","",SUMIFS('Histórico diário'!$D$5:$D$642,'Histórico diário'!$G$5:$G$642,$A22)+SUMIFS(Diário!$D$5:$D$400,Diário!$H$5:$H$400,$A22)) -> 44500 | F22: =IF($A22="","",SUMIFS('Histórico diário'!$C$5:$C$642,'Histórico diário'!$G$5:$G$642,$A22)+SUMIFS(Diário!$C$5:$C$400,Diário!$H$5:$H$400,$A22)) -> 0 | G22: =IF(A22="","",SUM(C22:F22)) -> 59878 | H22: =IF($A22="","",C22*IFERROR(INDEX('Tarifas por mês'!$B$5:$B$25,MATCH($A22,'Tarifas por mês'!$A$5:$A$25,0)),Premissas!$C$4)) -> 0 | I22: =IF($A22="","",D22*IFERROR(INDEX('Tarifas por mês'!$C$5:$C$25,MATCH($A22,'Tarifas por mês'!$A$5:$A$25,0)),Premissas!$C$5)) -> 8304.12 | J22: =IF($A22="","",E22*IFERROR(INDEX('Tarifas por mês'!$D$5:$D$25,MATCH($A22,'Tarifas por mês'!$A$5:$A$25,0)),Premissas!$C$6)) -> 26700 | K22: =IF($A22="","",F22*IFERROR(INDEX('Tarifas por mês'!$E$5:$E$25,MATCH($A22,'Tarifas por mês'!$A$5:$A$25,0)),Premissas!$C$7)) -> 0 | L22: =IF(A22="","",SUM(H22:K22)) -> 35004.12 | M22: =IF(A22="","",IF(G22=0,0,L22/G22)) -> 0.58459067 | N22: =IF(A22="","",IF(B22=0,0,G22/B22)) -> 1995.9333 | O22: =IF(A22="","",MAX(_xlfn.MAXIFS('Histórico diário'!$F$5:$F$642,'Histórico diário'!$G$5:$G$642,$A22),_xlfn.MAXIFS(Diário!$F$5:$F$400,Diário!$H$5:$H$400,$A22))) -> 16385 | P22: =IF($A22="","",IF(O22=0,"",IF(_xlfn.MAXIFS('Histórico diário'!$F$5:$F$642,'Histórico diário'!$G$5:$G$642,$A22)>=_xlfn.MAXIFS(Diário!$F$5:$F$400,Diário!$H$5:$H$400,$A22),SUMPRODUCT(MAX(('Histórico diário'!$G$5:$G$642=$A22)*('Histórico diário'!$F$5:$F$642=O22)*'Histórico diário'!$A$5:$A$642)),SUMPRODUCT(MAX((Diário!$H$5:$H$400=$A22)*(Diário!$F$5:$F$400=O22)*Diário!$A$5:$A$400))))) -> 45919 | Q22: =IF(A22="","",IF(S22=0,"parcial",IF(L21=0,"n/d",L22/L21-1))) -> 0.98307896 | R22: =IF(A22="","","n/d") -> n/d | S22: =IF(A22="","",IF(B22=DAY(EOMONTH(A22,0)),1,0)) -> 1
A23: =IF(A22="","",IF(EDATE(A22,1)>MAX(MAX('Histórico diário'!$A$5:$A$642),MAX(Diário!$A$5:$A$400)),"",EDATE(A22,1))) -> 45931 | B23: =IF(A23="","",COUNTIFS('Histórico diário'!$G$5:$G$642,A23)+COUNTIFS(Diário!$H$5:$H$400,A23)) -> 31 | C23: =IF($A23="","",SUMIFS('Histórico diário'!$B$5:$B$642,'Histórico diário'!$G$5:$G$642,$A23)+SUMIFS(Diário!$B$5:$B$400,Diário!$H$5:$H$400,$A23)) -> 0 | D23: =IF($A23="","",SUMIFS('Histórico diário'!$E$5:$E$642,'Histórico diário'!$G$5:$G$642,$A23)+SUMIFS(Diário!$E$5:$E$400,Diário!$H$5:$H$400,$A23)) -> 46321 | E23: =IF($A23="","",SUMIFS('Histórico diário'!$D$5:$D$642,'Histórico diário'!$G$5:$G$642,$A23)+SUMIFS(Diário!$D$5:$D$400,Diário!$H$5:$H$400,$A23)) -> 12 | F23: =IF($A23="","",SUMIFS('Histórico diário'!$C$5:$C$642,'Histórico diário'!$G$5:$G$642,$A23)+SUMIFS(Diário!$C$5:$C$400,Diário!$H$5:$H$400,$A23)) -> 0 | G23: =IF(A23="","",SUM(C23:F23)) -> 46333 | H23: =IF($A23="","",C23*IFERROR(INDEX('Tarifas por mês'!$B$5:$B$25,MATCH($A23,'Tarifas por mês'!$A$5:$A$25,0)),Premissas!$C$4)) -> 0 | I23: =IF($A23="","",D23*IFERROR(INDEX('Tarifas por mês'!$C$5:$C$25,MATCH($A23,'Tarifas por mês'!$A$5:$A$25,0)),Premissas!$C$5)) -> 25013.34 | J23: =IF($A23="","",E23*IFERROR(INDEX('Tarifas por mês'!$D$5:$D$25,MATCH($A23,'Tarifas por mês'!$A$5:$A$25,0)),Premissas!$C$6)) -> 7.2 | K23: =IF($A23="","",F23*IFERROR(INDEX('Tarifas por mês'!$E$5:$E$25,MATCH($A23,'Tarifas por mês'!$A$5:$A$25,0)),Premissas!$C$7)) -> 0 | L23: =IF(A23="","",SUM(H23:K23)) -> 25020.54 | M23: =IF(A23="","",IF(G23=0,0,L23/G23)) -> 0.54001554 | N23: =IF(A23="","",IF(B23=0,0,G23/B23)) -> 1494.6129 | O23: =IF(A23="","",MAX(_xlfn.MAXIFS('Histórico diário'!$F$5:$F$642,'Histórico diário'!$G$5:$G$642,$A23),_xlfn.MAXIFS(Diário!$F$5:$F$400,Diário!$H$5:$H$400,$A23))) -> 13571 | P23: =IF($A23="","",IF(O23=0,"",IF(_xlfn.MAXIFS('Histórico diário'!$F$5:$F$642,'Histórico diário'!$G$5:$G$642,$A23)>=_xlfn.MAXIFS(Diário!$F$5:$F$400,Diário!$H$5:$H$400,$A23),SUMPRODUCT(MAX(('Histórico diário'!$G$5:$G$642=$A23)*('Histórico diário'!$F$5:$F$642=O23)*'Histórico diário'!$A$5:$A$642)),SUMPRODUCT(MAX((Diário!$H$5:$H$400=$A23)*(Diário!$F$5:$F$400=O23)*Diário!$A$5:$A$400))))) -> 45951 | Q23: =IF(A23="","",IF(S23=0,"parcial",IF(L22=0,"n/d",L23/L22-1))) -> -0.28521157 | R23: =IF(A23="","","n/d") -> n/d | S23: =IF(A23="","",IF(B23=DAY(EOMONTH(A23,0)),1,0)) -> 1
A24: =IF(A23="","",IF(EDATE(A23,1)>MAX(MAX('Histórico diário'!$A$5:$A$642),MAX(Diário!$A$5:$A$400)),"",EDATE(A23,1))) -> 45962 | B24: =IF(A24="","",COUNTIFS('Histórico diário'!$G$5:$G$642,A24)+COUNTIFS(Diário!$H$5:$H$400,A24)) -> 30 | C24: =IF($A24="","",SUMIFS('Histórico diário'!$B$5:$B$642,'Histórico diário'!$G$5:$G$642,$A24)+SUMIFS(Diário!$B$5:$B$400,Diário!$H$5:$H$400,$A24)) -> 0 | D24: =IF($A24="","",SUMIFS('Histórico diário'!$E$5:$E$642,'Histórico diário'!$G$5:$G$642,$A24)+SUMIFS(Diário!$E$5:$E$400,Diário!$H$5:$H$400,$A24)) -> 23489 | E24: =IF($A24="","",SUMIFS('Histórico diário'!$D$5:$D$642,'Histórico diário'!$G$5:$G$642,$A24)+SUMIFS(Diário!$D$5:$D$400,Diário!$H$5:$H$400,$A24)) -> 0 | F24: =IF($A24="","",SUMIFS('Histórico diário'!$C$5:$C$642,'Histórico diário'!$G$5:$G$642,$A24)+SUMIFS(Diário!$C$5:$C$400,Diário!$H$5:$H$400,$A24)) -> 0 | G24: =IF(A24="","",SUM(C24:F24)) -> 23489 | H24: =IF($A24="","",C24*IFERROR(INDEX('Tarifas por mês'!$B$5:$B$25,MATCH($A24,'Tarifas por mês'!$A$5:$A$25,0)),Premissas!$C$4)) -> 0 | I24: =IF($A24="","",D24*IFERROR(INDEX('Tarifas por mês'!$C$5:$C$25,MATCH($A24,'Tarifas por mês'!$A$5:$A$25,0)),Premissas!$C$5)) -> 12684.06 | J24: =IF($A24="","",E24*IFERROR(INDEX('Tarifas por mês'!$D$5:$D$25,MATCH($A24,'Tarifas por mês'!$A$5:$A$25,0)),Premissas!$C$6)) -> 0 | K24: =IF($A24="","",F24*IFERROR(INDEX('Tarifas por mês'!$E$5:$E$25,MATCH($A24,'Tarifas por mês'!$A$5:$A$25,0)),Premissas!$C$7)) -> 0 | L24: =IF(A24="","",SUM(H24:K24)) -> 12684.06 | M24: =IF(A24="","",IF(G24=0,0,L24/G24)) -> 0.54 | N24: =IF(A24="","",IF(B24=0,0,G24/B24)) -> 782.96667 | O24: =IF(A24="","",MAX(_xlfn.MAXIFS('Histórico diário'!$F$5:$F$642,'Histórico diário'!$G$5:$G$642,$A24),_xlfn.MAXIFS(Diário!$F$5:$F$400,Diário!$H$5:$H$400,$A24))) -> 5613 | P24: =IF($A24="","",IF(O24=0,"",IF(_xlfn.MAXIFS('Histórico diário'!$F$5:$F$642,'Histórico diário'!$G$5:$G$642,$A24)>=_xlfn.MAXIFS(Diário!$F$5:$F$400,Diário!$H$5:$H$400,$A24),SUMPRODUCT(MAX(('Histórico diário'!$G$5:$G$642=$A24)*('Histórico diário'!$F$5:$F$642=O24)*'Histórico diário'!$A$5:$A$642)),SUMPRODUCT(MAX((Diário!$H$5:$H$400=$A24)*(Diário!$F$5:$F$400=O24)*Diário!$A$5:$A$400))))) -> 45988 | Q24: =IF(A24="","",IF(S24=0,"parcial",IF(L23=0,"n/d",L24/L23-1))) -> -0.49305411 | R24: =IF(A24="","","n/d") -> n/d | S24: =IF(A24="","",IF(B24=DAY(EOMONTH(A24,0)),1,0)) -> 1
A25: =IF(A24="","",IF(EDATE(A24,1)>MAX(MAX('Histórico diário'!$A$5:$A$642),MAX(Diário!$A$5:$A$400)),"",EDATE(A24,1))) -> 45992 | B25: =IF(A25="","",COUNTIFS('Histórico diário'!$G$5:$G$642,A25)+COUNTIFS(Diário!$H$5:$H$400,A25)) -> 31 | C25: =IF($A25="","",SUMIFS('Histórico diário'!$B$5:$B$642,'Histórico diário'!$G$5:$G$642,$A25)+SUMIFS(Diário!$B$5:$B$400,Diário!$H$5:$H$400,$A25)) -> 0 | D25: =IF($A25="","",SUMIFS('Histórico diário'!$E$5:$E$642,'Histórico diário'!$G$5:$G$642,$A25)+SUMIFS(Diário!$E$5:$E$400,Diário!$H$5:$H$400,$A25)) -> 57386 | E25: =IF($A25="","",SUMIFS('Histórico diário'!$D$5:$D$642,'Histórico diário'!$G$5:$G$642,$A25)+SUMIFS(Diário!$D$5:$D$400,Diário!$H$5:$H$400,$A25)) -> 0 | F25: =IF($A25="","",SUMIFS('Histórico diário'!$C$5:$C$642,'Histórico diário'!$G$5:$G$642,$A25)+SUMIFS(Diário!$C$5:$C$400,Diário!$H$5:$H$400,$A25)) -> 0 | G25: =IF(A25="","",SUM(C25:F25)) -> 57386 | H25: =IF($A25="","",C25*IFERROR(INDEX('Tarifas por mês'!$B$5:$B$25,MATCH($A25,'Tarifas por mês'!$A$5:$A$25,0)),Premissas!$C$4)) -> 0 | I25: =IF($A25="","",D25*IFERROR(INDEX('Tarifas por mês'!$C$5:$C$25,MATCH($A25,'Tarifas por mês'!$A$5:$A$25,0)),Premissas!$C$5)) -> 30988.44 | J25: =IF($A25="","",E25*IFERROR(INDEX('Tarifas por mês'!$D$5:$D$25,MATCH($A25,'Tarifas por mês'!$A$5:$A$25,0)),Premissas!$C$6)) -> 0 | K25: =IF($A25="","",F25*IFERROR(INDEX('Tarifas por mês'!$E$5:$E$25,MATCH($A25,'Tarifas por mês'!$A$5:$A$25,0)),Premissas!$C$7)) -> 0 | L25: =IF(A25="","",SUM(H25:K25)) -> 30988.44 | M25: =IF(A25="","",IF(G25=0,0,L25/G25)) -> 0.54 | N25: =IF(A25="","",IF(B25=0,0,G25/B25)) -> 1851.1613 | O25: =IF(A25="","",MAX(_xlfn.MAXIFS('Histórico diário'!$F$5:$F$642,'Histórico diário'!$G$5:$G$642,$A25),_xlfn.MAXIFS(Diário!$F$5:$F$400,Diário!$H$5:$H$400,$A25))) -> 17037 | P25: =IF($A25="","",IF(O25=0,"",IF(_xlfn.MAXIFS('Histórico diário'!$F$5:$F$642,'Histórico diário'!$G$5:$G$642,$A25)>=_xlfn.MAXIFS(Diário!$F$5:$F$400,Diário!$H$5:$H$400,$A25),SUMPRODUCT(MAX(('Histórico diário'!$G$5:$G$642=$A25)*('Histórico diário'!$F$5:$F$642=O25)*'Histórico diário'!$A$5:$A$642)),SUMPRODUCT(MAX((Diário!$H$5:$H$400=$A25)*(Diário!$F$5:$F$400=O25)*Diário!$A$5:$A$400))))) -> 46006 | Q25: =IF(A25="","",IF(S25=0,"parcial",IF(L24=0,"n/d",L25/L24-1))) -> 1.443101 | R25: =IF(A25="","","n/d") -> n/d | S25: =IF(A25="","",IF(B25=DAY(EOMONTH(A25,0)),1,0)) -> 1
A26: =IF(A25="","",IF(EDATE(A25,1)>MAX(MAX('Histórico diário'!$A$5:$A$642),MAX(Diário!$A$5:$A$400)),"",EDATE(A25,1))) -> 46023 | B26: =IF(A26="","",COUNTIFS('Histórico diário'!$G$5:$G$642,A26)+COUNTIFS(Diário!$H$5:$H$400,A26)) -> 31 | C26: =IF($A26="","",SUMIFS('Histórico diário'!$B$5:$B$642,'Histórico diário'!$G$5:$G$642,$A26)+SUMIFS(Diário!$B$5:$B$400,Diário!$H$5:$H$400,$A26)) -> 0 | D26: =IF($A26="","",SUMIFS('Histórico diário'!$E$5:$E$642,'Histórico diário'!$G$5:$G$642,$A26)+SUMIFS(Diário!$E$5:$E$400,Diário!$H$5:$H$400,$A26)) -> 69055 | E26: =IF($A26="","",SUMIFS('Histórico diário'!$D$5:$D$642,'Histórico diário'!$G$5:$G$642,$A26)+SUMIFS(Diário!$D$5:$D$400,Diário!$H$5:$H$400,$A26)) -> 0 | F26: =IF($A26="","",SUMIFS('Histórico diário'!$C$5:$C$642,'Histórico diário'!$G$5:$G$642,$A26)+SUMIFS(Diário!$C$5:$C$400,Diário!$H$5:$H$400,$A26)) -> 0 | G26: =IF(A26="","",SUM(C26:F26)) -> 69055 | H26: =IF($A26="","",C26*IFERROR(INDEX('Tarifas por mês'!$B$5:$B$25,MATCH($A26,'Tarifas por mês'!$A$5:$A$25,0)),Premissas!$C$4)) -> 0 | I26: =IF($A26="","",D26*IFERROR(INDEX('Tarifas por mês'!$C$5:$C$25,MATCH($A26,'Tarifas por mês'!$A$5:$A$25,0)),Premissas!$C$5)) -> 37289.7 | J26: =IF($A26="","",E26*IFERROR(INDEX('Tarifas por mês'!$D$5:$D$25,MATCH($A26,'Tarifas por mês'!$A$5:$A$25,0)),Premissas!$C$6)) -> 0 | K26: =IF($A26="","",F26*IFERROR(INDEX('Tarifas por mês'!$E$5:$E$25,MATCH($A26,'Tarifas por mês'!$A$5:$A$25,0)),Premissas!$C$7)) -> 0 | L26: =IF(A26="","",SUM(H26:K26)) -> 37289.7 | M26: =IF(A26="","",IF(G26=0,0,L26/G26)) -> 0.54 | N26: =IF(A26="","",IF(B26=0,0,G26/B26)) -> 2227.5806 | O26: =IF(A26="","",MAX(_xlfn.MAXIFS('Histórico diário'!$F$5:$F$642,'Histórico diário'!$G$5:$G$642,$A26),_xlfn.MAXIFS(Diário!$F$5:$F$400,Diário!$H$5:$H$400,$A26))) -> 11699 | P26: =IF($A26="","",IF(O26=0,"",IF(_xlfn.MAXIFS('Histórico diário'!$F$5:$F$642,'Histórico diário'!$G$5:$G$642,$A26)>=_xlfn.MAXIFS(Diário!$F$5:$F$400,Diário!$H$5:$H$400,$A26),SUMPRODUCT(MAX(('Histórico diário'!$G$5:$G$642=$A26)*('Histórico diário'!$F$5:$F$642=O26)*'Histórico diário'!$A$5:$A$642)),SUMPRODUCT(MAX((Diário!$H$5:$H$400=$A26)*(Diário!$F$5:$F$400=O26)*Diário!$A$5:$A$400))))) -> 46048 | Q26: =IF(A26="","",IF(S26=0,"parcial",IF(L25=0,"n/d",L26/L25-1))) -> 0.20334228 | R26: =IF(A26="","",IF(S26=0,"parcial",IF(L14=0,"n/d",L26/L14-1))) -> 0.97068523 | S26: =IF(A26="","",IF(B26=DAY(EOMONTH(A26,0)),1,0)) -> 1
A27: =IF(A26="","",IF(EDATE(A26,1)>MAX(MAX('Histórico diário'!$A$5:$A$642),MAX(Diário!$A$5:$A$400)),"",EDATE(A26,1))) -> 46054 | B27: =IF(A27="","",COUNTIFS('Histórico diário'!$G$5:$G$642,A27)+COUNTIFS(Diário!$H$5:$H$400,A27)) -> 28 | C27: =IF($A27="","",SUMIFS('Histórico diário'!$B$5:$B$642,'Histórico diário'!$G$5:$G$642,$A27)+SUMIFS(Diário!$B$5:$B$400,Diário!$H$5:$H$400,$A27)) -> 0 | D27: =IF($A27="","",SUMIFS('Histórico diário'!$E$5:$E$642,'Histórico diário'!$G$5:$G$642,$A27)+SUMIFS(Diário!$E$5:$E$400,Diário!$H$5:$H$400,$A27)) -> 88632 | E27: =IF($A27="","",SUMIFS('Histórico diário'!$D$5:$D$642,'Histórico diário'!$G$5:$G$642,$A27)+SUMIFS(Diário!$D$5:$D$400,Diário!$H$5:$H$400,$A27)) -> 0 | F27: =IF($A27="","",SUMIFS('Histórico diário'!$C$5:$C$642,'Histórico diário'!$G$5:$G$642,$A27)+SUMIFS(Diário!$C$5:$C$400,Diário!$H$5:$H$400,$A27)) -> 0 | G27: =IF(A27="","",SUM(C27:F27)) -> 88632 | H27: =IF($A27="","",C27*IFERROR(INDEX('Tarifas por mês'!$B$5:$B$25,MATCH($A27,'Tarifas por mês'!$A$5:$A$25,0)),Premissas!$C$4)) -> 0 | I27: =IF($A27="","",D27*IFERROR(INDEX('Tarifas por mês'!$C$5:$C$25,MATCH($A27,'Tarifas por mês'!$A$5:$A$25,0)),Premissas!$C$5)) -> 47861.28 | J27: =IF($A27="","",E27*IFERROR(INDEX('Tarifas por mês'!$D$5:$D$25,MATCH($A27,'Tarifas por mês'!$A$5:$A$25,0)),Premissas!$C$6)) -> 0 | K27: =IF($A27="","",F27*IFERROR(INDEX('Tarifas por mês'!$E$5:$E$25,MATCH($A27,'Tarifas por mês'!$A$5:$A$25,0)),Premissas!$C$7)) -> 0 | L27: =IF(A27="","",SUM(H27:K27)) -> 47861.28 | M27: =IF(A27="","",IF(G27=0,0,L27/G27)) -> 0.54 | N27: =IF(A27="","",IF(B27=0,0,G27/B27)) -> 3165.4286 | O27: =IF(A27="","",MAX(_xlfn.MAXIFS('Histórico diário'!$F$5:$F$642,'Histórico diário'!$G$5:$G$642,$A27),_xlfn.MAXIFS(Diário!$F$5:$F$400,Diário!$H$5:$H$400,$A27))) -> 24866 | P27: =IF($A27="","",IF(O27=0,"",IF(_xlfn.MAXIFS('Histórico diário'!$F$5:$F$642,'Histórico diário'!$G$5:$G$642,$A27)>=_xlfn.MAXIFS(Diário!$F$5:$F$400,Diário!$H$5:$H$400,$A27),SUMPRODUCT(MAX(('Histórico diário'!$G$5:$G$642=$A27)*('Histórico diário'!$F$5:$F$642=O27)*'Histórico diário'!$A$5:$A$642)),SUMPRODUCT(MAX((Diário!$H$5:$H$400=$A27)*(Diário!$F$5:$F$400=O27)*Diário!$A$5:$A$400))))) -> 46056 | Q27: =IF(A27="","",IF(S27=0,"parcial",IF(L26=0,"n/d",L27/L26-1))) -> 0.28349866 | R27: =IF(A27="","",IF(S27=0,"parcial",IF(L15=0,"n/d",L27/L15-1))) -> 1.2324191 | S27: =IF(A27="","",IF(B27=DAY(EOMONTH(A27,0)),1,0)) -> 1
A28: =IF(A27="","",IF(EDATE(A27,1)>MAX(MAX('Histórico diário'!$A$5:$A$642),MAX(Diário!$A$5:$A$400)),"",EDATE(A27,1))) -> 46082 | B28: =IF(A28="","",COUNTIFS('Histórico diário'!$G$5:$G$642,A28)+COUNTIFS(Diário!$H$5:$H$400,A28)) -> 31 | C28: =IF($A28="","",SUMIFS('Histórico diário'!$B$5:$B$642,'Histórico diário'!$G$5:$G$642,$A28)+SUMIFS(Diário!$B$5:$B$400,Diário!$H$5:$H$400,$A28)) -> 0 | D28: =IF($A28="","",SUMIFS('Histórico diário'!$E$5:$E$642,'Histórico diário'!$G$5:$G$642,$A28)+SUMIFS(Diário!$E$5:$E$400,Diário!$H$5:$H$400,$A28)) -> 29731 | E28: =IF($A28="","",SUMIFS('Histórico diário'!$D$5:$D$642,'Histórico diário'!$G$5:$G$642,$A28)+SUMIFS(Diário!$D$5:$D$400,Diário!$H$5:$H$400,$A28)) -> 0 | F28: =IF($A28="","",SUMIFS('Histórico diário'!$C$5:$C$642,'Histórico diário'!$G$5:$G$642,$A28)+SUMIFS(Diário!$C$5:$C$400,Diário!$H$5:$H$400,$A28)) -> 0 | G28: =IF(A28="","",SUM(C28:F28)) -> 29731 | H28: =IF($A28="","",C28*IFERROR(INDEX('Tarifas por mês'!$B$5:$B$25,MATCH($A28,'Tarifas por mês'!$A$5:$A$25,0)),Premissas!$C$4)) -> 0 | I28: =IF($A28="","",D28*IFERROR(INDEX('Tarifas por mês'!$C$5:$C$25,MATCH($A28,'Tarifas por mês'!$A$5:$A$25,0)),Premissas!$C$5)) -> 16054.74 | J28: =IF($A28="","",E28*IFERROR(INDEX('Tarifas por mês'!$D$5:$D$25,MATCH($A28,'Tarifas por mês'!$A$5:$A$25,0)),Premissas!$C$6)) -> 0 | K28: =IF($A28="","",F28*IFERROR(INDEX('Tarifas por mês'!$E$5:$E$25,MATCH($A28,'Tarifas por mês'!$A$5:$A$25,0)),Premissas!$C$7)) -> 0 | L28: =IF(A28="","",SUM(H28:K28)) -> 16054.74 | M28: =IF(A28="","",IF(G28=0,0,L28/G28)) -> 0.54 | N28: =IF(A28="","",IF(B28=0,0,G28/B28)) -> 959.06452 | O28: =IF(A28="","",MAX(_xlfn.MAXIFS('Histórico diário'!$F$5:$F$642,'Histórico diário'!$G$5:$G$642,$A28),_xlfn.MAXIFS(Diário!$F$5:$F$400,Diário!$H$5:$H$400,$A28))) -> 7906 | P28: =IF($A28="","",IF(O28=0,"",IF(_xlfn.MAXIFS('Histórico diário'!$F$5:$F$642,'Histórico diário'!$G$5:$G$642,$A28)>=_xlfn.MAXIFS(Diário!$F$5:$F$400,Diário!$H$5:$H$400,$A28),SUMPRODUCT(MAX(('Histórico diário'!$G$5:$G$642=$A28)*('Histórico diário'!$F$5:$F$642=O28)*'Histórico diário'!$A$5:$A$642)),SUMPRODUCT(MAX((Diário!$H$5:$H$400=$A28)*(Diário!$F$5:$F$400=O28)*Diário!$A$5:$A$400))))) -> 46109 | Q28: =IF(A28="","",IF(S28=0,"parcial",IF(L27=0,"n/d",L28/L27-1))) -> -0.66455682 | R28: =IF(A28="","",IF(S28=0,"parcial",IF(L16=0,"n/d",L28/L16-1))) -> -0.52982077 | S28: =IF(A28="","",IF(B28=DAY(EOMONTH(A28,0)),1,0)) -> 1
A29: =IF(A28="","",IF(EDATE(A28,1)>MAX(MAX('Histórico diário'!$A$5:$A$642),MAX(Diário!$A$5:$A$400)),"",EDATE(A28,1))) -> 46113 | B29: =IF(A29="","",COUNTIFS('Histórico diário'!$G$5:$G$642,A29)+COUNTIFS(Diário!$H$5:$H$400,A29)) -> 30 | C29: =IF($A29="","",SUMIFS('Histórico diário'!$B$5:$B$642,'Histórico diário'!$G$5:$G$642,$A29)+SUMIFS(Diário!$B$5:$B$400,Diário!$H$5:$H$400,$A29)) -> 0 | D29: =IF($A29="","",SUMIFS('Histórico diário'!$E$5:$E$642,'Histórico diário'!$G$5:$G$642,$A29)+SUMIFS(Diário!$E$5:$E$400,Diário!$H$5:$H$400,$A29)) -> 41008 | E29: =IF($A29="","",SUMIFS('Histórico diário'!$D$5:$D$642,'Histórico diário'!$G$5:$G$642,$A29)+SUMIFS(Diário!$D$5:$D$400,Diário!$H$5:$H$400,$A29)) -> 0 | F29: =IF($A29="","",SUMIFS('Histórico diário'!$C$5:$C$642,'Histórico diário'!$G$5:$G$642,$A29)+SUMIFS(Diário!$C$5:$C$400,Diário!$H$5:$H$400,$A29)) -> 0 | G29: =IF(A29="","",SUM(C29:F29)) -> 41008 | H29: =IF($A29="","",C29*IFERROR(INDEX('Tarifas por mês'!$B$5:$B$25,MATCH($A29,'Tarifas por mês'!$A$5:$A$25,0)),Premissas!$C$4)) -> 0 | I29: =IF($A29="","",D29*IFERROR(INDEX('Tarifas por mês'!$C$5:$C$25,MATCH($A29,'Tarifas por mês'!$A$5:$A$25,0)),Premissas!$C$5)) -> 22144.32 | J29: =IF($A29="","",E29*IFERROR(INDEX('Tarifas por mês'!$D$5:$D$25,MATCH($A29,'Tarifas por mês'!$A$5:$A$25,0)),Premissas!$C$6)) -> 0 | K29: =IF($A29="","",F29*IFERROR(INDEX('Tarifas por mês'!$E$5:$E$25,MATCH($A29,'Tarifas por mês'!$A$5:$A$25,0)),Premissas!$C$7)) -> 0 | L29: =IF(A29="","",SUM(H29:K29)) -> 22144.32 | M29: =IF(A29="","",IF(G29=0,0,L29/G29)) -> 0.54 | N29: =IF(A29="","",IF(B29=0,0,G29/B29)) -> 1366.9333 | O29: =IF(A29="","",MAX(_xlfn.MAXIFS('Histórico diário'!$F$5:$F$642,'Histórico diário'!$G$5:$G$642,$A29),_xlfn.MAXIFS(Diário!$F$5:$F$400,Diário!$H$5:$H$400,$A29))) -> 13026 | P29: =IF($A29="","",IF(O29=0,"",IF(_xlfn.MAXIFS('Histórico diário'!$F$5:$F$642,'Histórico diário'!$G$5:$G$642,$A29)>=_xlfn.MAXIFS(Diário!$F$5:$F$400,Diário!$H$5:$H$400,$A29),SUMPRODUCT(MAX(('Histórico diário'!$G$5:$G$642=$A29)*('Histórico diário'!$F$5:$F$642=O29)*'Histórico diário'!$A$5:$A$642)),SUMPRODUCT(MAX((Diário!$H$5:$H$400=$A29)*(Diário!$F$5:$F$400=O29)*Diário!$A$5:$A$400))))) -> 46139 | Q29: =IF(A29="","",IF(S29=0,"parcial",IF(L28=0,"n/d",L29/L28-1))) -> 0.37930107 | R29: =IF(A29="","",IF(S29=0,"parcial",IF(L17=0,"n/d",L29/L17-1))) -> -0.4813345 | S29: =IF(A29="","",IF(B29=DAY(EOMONTH(A29,0)),1,0)) -> 1
A30: =IF(A29="","",IF(EDATE(A29,1)>MAX(MAX('Histórico diário'!$A$5:$A$642),MAX(Diário!$A$5:$A$400)),"",EDATE(A29,1))) -> 46143 | B30: =IF(A30="","",COUNTIFS('Histórico diário'!$G$5:$G$642,A30)+COUNTIFS(Diário!$H$5:$H$400,A30)) -> 31 | C30: =IF($A30="","",SUMIFS('Histórico diário'!$B$5:$B$642,'Histórico diário'!$G$5:$G$642,$A30)+SUMIFS(Diário!$B$5:$B$400,Diário!$H$5:$H$400,$A30)) -> 0 | D30: =IF($A30="","",SUMIFS('Histórico diário'!$E$5:$E$642,'Histórico diário'!$G$5:$G$642,$A30)+SUMIFS(Diário!$E$5:$E$400,Diário!$H$5:$H$400,$A30)) -> 140943 | E30: =IF($A30="","",SUMIFS('Histórico diário'!$D$5:$D$642,'Histórico diário'!$G$5:$G$642,$A30)+SUMIFS(Diário!$D$5:$D$400,Diário!$H$5:$H$400,$A30)) -> 0 | F30: =IF($A30="","",SUMIFS('Histórico diário'!$C$5:$C$642,'Histórico diário'!$G$5:$G$642,$A30)+SUMIFS(Diário!$C$5:$C$400,Diário!$H$5:$H$400,$A30)) -> 0 | G30: =IF(A30="","",SUM(C30:F30)) -> 140943 | H30: =IF($A30="","",C30*IFERROR(INDEX('Tarifas por mês'!$B$5:$B$25,MATCH($A30,'Tarifas por mês'!$A$5:$A$25,0)),Premissas!$C$4)) -> 0 | I30: =IF($A30="","",D30*IFERROR(INDEX('Tarifas por mês'!$C$5:$C$25,MATCH($A30,'Tarifas por mês'!$A$5:$A$25,0)),Premissas!$C$5)) -> 76109.22 | J30: =IF($A30="","",E30*IFERROR(INDEX('Tarifas por mês'!$D$5:$D$25,MATCH($A30,'Tarifas por mês'!$A$5:$A$25,0)),Premissas!$C$6)) -> 0 | K30: =IF($A30="","",F30*IFERROR(INDEX('Tarifas por mês'!$E$5:$E$25,MATCH($A30,'Tarifas por mês'!$A$5:$A$25,0)),Premissas!$C$7)) -> 0 | L30: =IF(A30="","",SUM(H30:K30)) -> 76109.22 | M30: =IF(A30="","",IF(G30=0,0,L30/G30)) -> 0.54 | N30: =IF(A30="","",IF(B30=0,0,G30/B30)) -> 4546.5484 | O30: =IF(A30="","",MAX(_xlfn.MAXIFS('Histórico diário'!$F$5:$F$642,'Histórico diário'!$G$5:$G$642,$A30),_xlfn.MAXIFS(Diário!$F$5:$F$400,Diário!$H$5:$H$400,$A30))) -> 19399 | P30: =IF($A30="","",IF(O30=0,"",IF(_xlfn.MAXIFS('Histórico diário'!$F$5:$F$642,'Histórico diário'!$G$5:$G$642,$A30)>=_xlfn.MAXIFS(Diário!$F$5:$F$400,Diário!$H$5:$H$400,$A30),SUMPRODUCT(MAX(('Histórico diário'!$G$5:$G$642=$A30)*('Histórico diário'!$F$5:$F$642=O30)*'Histórico diário'!$A$5:$A$642)),SUMPRODUCT(MAX((Diário!$H$5:$H$400=$A30)*(Diário!$F$5:$F$400=O30)*Diário!$A$5:$A$400))))) -> 46172 | Q30: =IF(A30="","",IF(S30=0,"parcial",IF(L29=0,"n/d",L30/L29-1))) -> 2.4369635 | R30: =IF(A30="","",IF(S30=0,"parcial",IF(L18=0,"n/d",L30/L18-1))) -> 0.08782159 | S30: =IF(A30="","",IF(B30=DAY(EOMONTH(A30,0)),1,0)) -> 1
A31: =IF(A30="","",IF(EDATE(A30,1)>MAX(MAX('Histórico diário'!$A$5:$A$642),MAX(Diário!$A$5:$A$400)),"",EDATE(A30,1))) -> 46174 | B31: =IF(A31="","",COUNTIFS('Histórico diário'!$G$5:$G$642,A31)+COUNTIFS(Diário!$H$5:$H$400,A31)) -> 30 | C31: =IF($A31="","",SUMIFS('Histórico diário'!$B$5:$B$642,'Histórico diário'!$G$5:$G$642,$A31)+SUMIFS(Diário!$B$5:$B$400,Diário!$H$5:$H$400,$A31)) -> 0 | D31: =IF($A31="","",SUMIFS('Histórico diário'!$E$5:$E$642,'Histórico diário'!$G$5:$G$642,$A31)+SUMIFS(Diário!$E$5:$E$400,Diário!$H$5:$H$400,$A31)) -> 159281 | E31: =IF($A31="","",SUMIFS('Histórico diário'!$D$5:$D$642,'Histórico diário'!$G$5:$G$642,$A31)+SUMIFS(Diário!$D$5:$D$400,Diário!$H$5:$H$400,$A31)) -> 2198 | F31: =IF($A31="","",SUMIFS('Histórico diário'!$C$5:$C$642,'Histórico diário'!$G$5:$G$642,$A31)+SUMIFS(Diário!$C$5:$C$400,Diário!$H$5:$H$400,$A31)) -> 0 | G31: =IF(A31="","",SUM(C31:F31)) -> 161479 | H31: =IF($A31="","",C31*IFERROR(INDEX('Tarifas por mês'!$B$5:$B$25,MATCH($A31,'Tarifas por mês'!$A$5:$A$25,0)),Premissas!$C$4)) -> 0 | I31: =IF($A31="","",D31*IFERROR(INDEX('Tarifas por mês'!$C$5:$C$25,MATCH($A31,'Tarifas por mês'!$A$5:$A$25,0)),Premissas!$C$5)) -> 86011.74 | J31: =IF($A31="","",E31*IFERROR(INDEX('Tarifas por mês'!$D$5:$D$25,MATCH($A31,'Tarifas por mês'!$A$5:$A$25,0)),Premissas!$C$6)) -> 1318.8 | K31: =IF($A31="","",F31*IFERROR(INDEX('Tarifas por mês'!$E$5:$E$25,MATCH($A31,'Tarifas por mês'!$A$5:$A$25,0)),Premissas!$C$7)) -> 0 | L31: =IF(A31="","",SUM(H31:K31)) -> 87330.54 | M31: =IF(A31="","",IF(G31=0,0,L31/G31)) -> 0.5408167 | N31: =IF(A31="","",IF(B31=0,0,G31/B31)) -> 5382.6333 | O31: =IF(A31="","",MAX(_xlfn.MAXIFS('Histórico diário'!$F$5:$F$642,'Histórico diário'!$G$5:$G$642,$A31),_xlfn.MAXIFS(Diário!$F$5:$F$400,Diário!$H$5:$H$400,$A31))) -> 19785 | P31: =IF($A31="","",IF(O31=0,"",IF(_xlfn.MAXIFS('Histórico diário'!$F$5:$F$642,'Histórico diário'!$G$5:$G$642,$A31)>=_xlfn.MAXIFS(Diário!$F$5:$F$400,Diário!$H$5:$H$400,$A31),SUMPRODUCT(MAX(('Histórico diário'!$G$5:$G$642=$A31)*('Histórico diário'!$F$5:$F$642=O31)*'Histórico diário'!$A$5:$A$642)),SUMPRODUCT(MAX((Diário!$H$5:$H$400=$A31)*(Diário!$F$5:$F$400=O31)*Diário!$A$5:$A$400))))) -> 46182 | Q31: =IF(A31="","",IF(S31=0,"parcial",IF(L30=0,"n/d",L31/L30-1))) -> 0.14743706 | R31: =IF(A31="","",IF(S31=0,"parcial",IF(L19=0,"n/d",L31/L19-1))) -> 0.85988525 | S31: =IF(A31="","",IF(B31=DAY(EOMONTH(A31,0)),1,0)) -> 1
A32: =IF(A31="","",IF(EDATE(A31,1)>MAX(MAX('Histórico diário'!$A$5:$A$642),MAX(Diário!$A$5:$A$400)),"",EDATE(A31,1))) -> 46204 | B32: =IF(A32="","",COUNTIFS('Histórico diário'!$G$5:$G$642,A32)+COUNTIFS(Diário!$H$5:$H$400,A32)) -> 31 | C32: =IF($A32="","",SUMIFS('Histórico diário'!$B$5:$B$642,'Histórico diário'!$G$5:$G$642,$A32)+SUMIFS(Diário!$B$5:$B$400,Diário!$H$5:$H$400,$A32)) -> 0 | D32: =IF($A32="","",SUMIFS('Histórico diário'!$E$5:$E$642,'Histórico diário'!$G$5:$G$642,$A32)+SUMIFS(Diário!$E$5:$E$400,Diário!$H$5:$H$400,$A32)) -> 100511 | E32: =IF($A32="","",SUMIFS('Histórico diário'!$D$5:$D$642,'Histórico diário'!$G$5:$G$642,$A32)+SUMIFS(Diário!$D$5:$D$400,Diário!$H$5:$H$400,$A32)) -> 2 | F32: =IF($A32="","",SUMIFS('Histórico diário'!$C$5:$C$642,'Histórico diário'!$G$5:$G$642,$A32)+SUMIFS(Diário!$C$5:$C$400,Diário!$H$5:$H$400,$A32)) -> 0 | G32: =IF(A32="","",SUM(C32:F32)) -> 100513 | H32: =IF($A32="","",C32*IFERROR(INDEX('Tarifas por mês'!$B$5:$B$25,MATCH($A32,'Tarifas por mês'!$A$5:$A$25,0)),Premissas!$C$4)) -> 0 | I32: =IF($A32="","",D32*IFERROR(INDEX('Tarifas por mês'!$C$5:$C$25,MATCH($A32,'Tarifas por mês'!$A$5:$A$25,0)),Premissas!$C$5)) -> 54275.94 | J32: =IF($A32="","",E32*IFERROR(INDEX('Tarifas por mês'!$D$5:$D$25,MATCH($A32,'Tarifas por mês'!$A$5:$A$25,0)),Premissas!$C$6)) -> 1.2 | K32: =IF($A32="","",F32*IFERROR(INDEX('Tarifas por mês'!$E$5:$E$25,MATCH($A32,'Tarifas por mês'!$A$5:$A$25,0)),Premissas!$C$7)) -> 0 | L32: =IF(A32="","",SUM(H32:K32)) -> 54277.14 | M32: =IF(A32="","",IF(G32=0,0,L32/G32)) -> 0.54000119 | N32: =IF(A32="","",IF(B32=0,0,G32/B32)) -> 3242.3548 | O32: =IF(A32="","",MAX(_xlfn.MAXIFS('Histórico diário'!$F$5:$F$642,'Histórico diário'!$G$5:$G$642,$A32),_xlfn.MAXIFS(Diário!$F$5:$F$400,Diário!$H$5:$H$400,$A32))) -> 30896 | P32: =IF($A32="","",IF(O32=0,"",IF(_xlfn.MAXIFS('Histórico diário'!$F$5:$F$642,'Histórico diário'!$G$5:$G$642,$A32)>=_xlfn.MAXIFS(Diário!$F$5:$F$400,Diário!$H$5:$H$400,$A32),SUMPRODUCT(MAX(('Histórico diário'!$G$5:$G$642=$A32)*('Histórico diário'!$F$5:$F$642=O32)*'Histórico diário'!$A$5:$A$642)),SUMPRODUCT(MAX((Diário!$H$5:$H$400=$A32)*(Diário!$F$5:$F$400=O32)*Diário!$A$5:$A$400))))) -> 46223 | Q32: =IF(A32="","",IF(S32=0,"parcial",IF(L31=0,"n/d",L32/L31-1))) -> -0.37848615 | R32: =IF(A32="","",IF(S32=0,"parcial",IF(L20=0,"n/d",L32/L20-1))) -> 1.3393907 | S32: =IF(A32="","",IF(B32=DAY(EOMONTH(A32,0)),1,0)) -> 1
A33: =IF(A32="","",IF(EDATE(A32,1)>MAX(MAX('Histórico diário'!$A$5:$A$642),MAX(Diário!$A$5:$A$400)),"",EDATE(A32,1))) -> 46235 | B33: =IF(A33="","",COUNTIFS('Histórico diário'!$G$5:$G$642,A33)+COUNTIFS(Diário!$H$5:$H$400,A33)) -> 31 | C33: =IF($A33="","",SUMIFS('Histórico diário'!$B$5:$B$642,'Histórico diário'!$G$5:$G$642,$A33)+SUMIFS(Diário!$B$5:$B$400,Diário!$H$5:$H$400,$A33)) -> 0 | D33: =IF($A33="","",SUMIFS('Histórico diário'!$E$5:$E$642,'Histórico diário'!$G$5:$G$642,$A33)+SUMIFS(Diário!$E$5:$E$400,Diário!$H$5:$H$400,$A33)) -> 97970 | E33: =IF($A33="","",SUMIFS('Histórico diário'!$D$5:$D$642,'Histórico diário'!$G$5:$G$642,$A33)+SUMIFS(Diário!$D$5:$D$400,Diário!$H$5:$H$400,$A33)) -> 0 | F33: =IF($A33="","",SUMIFS('Histórico diário'!$C$5:$C$642,'Histórico diário'!$G$5:$G$642,$A33)+SUMIFS(Diário!$C$5:$C$400,Diário!$H$5:$H$400,$A33)) -> 0 | G33: =IF(A33="","",SUM(C33:F33)) -> 97970 | H33: =IF($A33="","",C33*IFERROR(INDEX('Tarifas por mês'!$B$5:$B$25,MATCH($A33,'Tarifas por mês'!$A$5:$A$25,0)),Premissas!$C$4)) -> 0 | I33: =IF($A33="","",D33*IFERROR(INDEX('Tarifas por mês'!$C$5:$C$25,MATCH($A33,'Tarifas por mês'!$A$5:$A$25,0)),Premissas!$C$5)) -> 52903.8 | J33: =IF($A33="","",E33*IFERROR(INDEX('Tarifas por mês'!$D$5:$D$25,MATCH($A33,'Tarifas por mês'!$A$5:$A$25,0)),Premissas!$C$6)) -> 0 | K33: =IF($A33="","",F33*IFERROR(INDEX('Tarifas por mês'!$E$5:$E$25,MATCH($A33,'Tarifas por mês'!$A$5:$A$25,0)),Premissas!$C$7)) -> 0 | L33: =IF(A33="","",SUM(H33:K33)) -> 52903.8 | M33: =IF(A33="","",IF(G33=0,0,L33/G33)) -> 0.54 | N33: =IF(A33="","",IF(B33=0,0,G33/B33)) -> 3160.3226 | O33: =IF(A33="","",MAX(_xlfn.MAXIFS('Histórico diário'!$F$5:$F$642,'Histórico diário'!$G$5:$G$642,$A33),_xlfn.MAXIFS(Diário!$F$5:$F$400,Diário!$H$5:$H$400,$A33))) -> 23587 | P33: =IF($A33="","",IF(O33=0,"",IF(_xlfn.MAXIFS('Histórico diário'!$F$5:$F$642,'Histórico diário'!$G$5:$G$642,$A33)>=_xlfn.MAXIFS(Diário!$F$5:$F$400,Diário!$H$5:$H$400,$A33),SUMPRODUCT(MAX(('Histórico diário'!$G$5:$G$642=$A33)*('Histórico diário'!$F$5:$F$642=O33)*'Histórico diário'!$A$5:$A$642)),SUMPRODUCT(MAX((Diário!$H$5:$H$400=$A33)*(Diário!$F$5:$F$400=O33)*Diário!$A$5:$A$400))))) -> 46265 | Q33: =IF(A33="","",IF(S33=0,"parcial",IF(L32=0,"n/d",L33/L32-1))) -> -0.025302365 | R33: =IF(A33="","",IF(S33=0,"parcial",IF(L21=0,"n/d",L33/L21-1))) -> 1.9971447 | S33: =IF(A33="","",IF(B33=DAY(EOMONTH(A33,0)),1,0)) -> 1
A34: =IF(A33="","",IF(EDATE(A33,1)>MAX(MAX('Histórico diário'!$A$5:$A$642),MAX(Diário!$A$5:$A$400)),"",EDATE(A33,1))) -> 46266 | B34: =IF(A34="","",COUNTIFS('Histórico diário'!$G$5:$G$642,A34)+COUNTIFS(Diário!$H$5:$H$400,A34)) -> 30 | C34: =IF($A34="","",SUMIFS('Histórico diário'!$B$5:$B$642,'Histórico diário'!$G$5:$G$642,$A34)+SUMIFS(Diário!$B$5:$B$400,Diário!$H$5:$H$400,$A34)) -> 170749 | D34: =IF($A34="","",SUMIFS('Histórico diário'!$E$5:$E$642,'Histórico diário'!$G$5:$G$642,$A34)+SUMIFS(Diário!$E$5:$E$400,Diário!$H$5:$H$400,$A34)) -> 69364 | E34: =IF($A34="","",SUMIFS('Histórico diário'!$D$5:$D$642,'Histórico diário'!$G$5:$G$642,$A34)+SUMIFS(Diário!$D$5:$D$400,Diário!$H$5:$H$400,$A34)) -> 0 | F34: =IF($A34="","",SUMIFS('Histórico diário'!$C$5:$C$642,'Histórico diário'!$G$5:$G$642,$A34)+SUMIFS(Diário!$C$5:$C$400,Diário!$H$5:$H$400,$A34)) -> 0 | G34: =IF(A34="","",SUM(C34:F34)) -> 240113 | H34: =IF($A34="","",C34*IFERROR(INDEX('Tarifas por mês'!$B$5:$B$25,MATCH($A34,'Tarifas por mês'!$A$5:$A$25,0)),Premissas!$C$4)) -> 15367.41 | I34: =IF($A34="","",D34*IFERROR(INDEX('Tarifas por mês'!$C$5:$C$25,MATCH($A34,'Tarifas por mês'!$A$5:$A$25,0)),Premissas!$C$5)) -> 37456.56 | J34: =IF($A34="","",E34*IFERROR(INDEX('Tarifas por mês'!$D$5:$D$25,MATCH($A34,'Tarifas por mês'!$A$5:$A$25,0)),Premissas!$C$6)) -> 0 | K34: =IF($A34="","",F34*IFERROR(INDEX('Tarifas por mês'!$E$5:$E$25,MATCH($A34,'Tarifas por mês'!$A$5:$A$25,0)),Premissas!$C$7)) -> 0 | L34: =IF(A34="","",SUM(H34:K34)) -> 52823.97 | M34: =IF(A34="","",IF(G34=0,0,L34/G34)) -> 0.21999629 | N34: =IF(A34="","",IF(B34=0,0,G34/B34)) -> 8003.7667 | O34: =IF(A34="","",MAX(_xlfn.MAXIFS('Histórico diário'!$F$5:$F$642,'Histórico diário'!$G$5:$G$642,$A34),_xlfn.MAXIFS(Diário!$F$5:$F$400,Diário!$H$5:$H$400,$A34))) -> 30469 | P34: =IF($A34="","",IF(O34=0,"",IF(_xlfn.MAXIFS('Histórico diário'!$F$5:$F$642,'Histórico diário'!$G$5:$G$642,$A34)>=_xlfn.MAXIFS(Diário!$F$5:$F$400,Diário!$H$5:$H$400,$A34),SUMPRODUCT(MAX(('Histórico diário'!$G$5:$G$642=$A34)*('Histórico diário'!$F$5:$F$642=O34)*'Histórico diário'!$A$5:$A$642)),SUMPRODUCT(MAX((Diário!$H$5:$H$400=$A34)*(Diário!$F$5:$F$400=O34)*Diário!$A$5:$A$400))))) -> 46293 | Q34: =IF(A34="","",IF(S34=0,"parcial",IF(L33=0,"n/d",L34/L33-1))) -> -0.0015089653 | R34: =IF(A34="","",IF(S34=0,"parcial",IF(L22=0,"n/d",L34/L22-1))) -> 0.50907865 | S34: =IF(A34="","",IF(B34=DAY(EOMONTH(A34,0)),1,0)) -> 1
A35: =IF(A34="","",IF(EDATE(A34,1)>MAX(MAX('Histórico diário'!$A$5:$A$642),MAX(Diário!$A$5:$A$400)),"",EDATE(A34,1))) -> 46296 | B35: =IF(A35="","",COUNTIFS('Histórico diário'!$G$5:$G$642,A35)+COUNTIFS(Diário!$H$5:$H$400,A35)) -> 13 | C35: =IF($A35="","",SUMIFS('Histórico diário'!$B$5:$B$642,'Histórico diário'!$G$5:$G$642,$A35)+SUMIFS(Diário!$B$5:$B$400,Diário!$H$5:$H$400,$A35)) -> 160207 | D35: =IF($A35="","",SUMIFS('Histórico diário'!$E$5:$E$642,'Histórico diário'!$G$5:$G$642,$A35)+SUMIFS(Diário!$E$5:$E$400,Diário!$H$5:$H$400,$A35)) -> 10984 | E35: =IF($A35="","",SUMIFS('Histórico diário'!$D$5:$D$642,'Histórico diário'!$G$5:$G$642,$A35)+SUMIFS(Diário!$D$5:$D$400,Diário!$H$5:$H$400,$A35)) -> 0 | F35: =IF($A35="","",SUMIFS('Histórico diário'!$C$5:$C$642,'Histórico diário'!$G$5:$G$642,$A35)+SUMIFS(Diário!$C$5:$C$400,Diário!$H$5:$H$400,$A35)) -> 0 | G35: =IF(A35="","",SUM(C35:F35)) -> 171191 | H35: =IF($A35="","",C35*IFERROR(INDEX('Tarifas por mês'!$B$5:$B$25,MATCH($A35,'Tarifas por mês'!$A$5:$A$25,0)),Premissas!$C$4)) -> 14418.63 | I35: =IF($A35="","",D35*IFERROR(INDEX('Tarifas por mês'!$C$5:$C$25,MATCH($A35,'Tarifas por mês'!$A$5:$A$25,0)),Premissas!$C$5)) -> 5931.36 | J35: =IF($A35="","",E35*IFERROR(INDEX('Tarifas por mês'!$D$5:$D$25,MATCH($A35,'Tarifas por mês'!$A$5:$A$25,0)),Premissas!$C$6)) -> 0 | K35: =IF($A35="","",F35*IFERROR(INDEX('Tarifas por mês'!$E$5:$E$25,MATCH($A35,'Tarifas por mês'!$A$5:$A$25,0)),Premissas!$C$7)) -> 0 | L35: =IF(A35="","",SUM(H35:K35)) -> 20349.99 | M35: =IF(A35="","",IF(G35=0,0,L35/G35)) -> 0.11887301 | N35: =IF(A35="","",IF(B35=0,0,G35/B35)) -> 13168.538 | O35: =IF(A35="","",MAX(_xlfn.MAXIFS('Histórico diário'!$F$5:$F$642,'Histórico diário'!$G$5:$G$642,$A35),_xlfn.MAXIFS(Diário!$F$5:$F$400,Diário!$H$5:$H$400,$A35))) -> 36936 | P35: =IF($A35="","",IF(O35=0,"",IF(_xlfn.MAXIFS('Histórico diário'!$F$5:$F$642,'Histórico diário'!$G$5:$G$642,$A35)>=_xlfn.MAXIFS(Diário!$F$5:$F$400,Diário!$H$5:$H$400,$A35),SUMPRODUCT(MAX(('Histórico diário'!$G$5:$G$642=$A35)*('Histórico diário'!$F$5:$F$642=O35)*'Histórico diário'!$A$5:$A$642)),SUMPRODUCT(MAX((Diário!$H$5:$H$400=$A35)*(Diário!$F$5:$F$400=O35)*Diário!$A$5:$A$400))))) -> 46302 | Q35: =IF(A35="","",IF(S35=0,"parcial",IF(L34=0,"n/d",L35/L34-1))) -> parcial | R35: =IF(A35="","",IF(S35=0,"parcial",IF(L23=0,"n/d",L35/L23-1))) -> parcial | S35: =IF(A35="","",IF(B35=DAY(EOMONTH(A35,0)),1,0)) -> 0
A36: =IF(A35="","",IF(EDATE(A35,1)>MAX(MAX('Histórico diário'!$A$5:$A$642),MAX(Diário!$A$5:$A$400)),"",EDATE(A35,1))) | B36: =IF(A36="","",COUNTIFS('Histórico diário'!$G$5:$G$642,A36)+COUNTIFS(Diário!$H$5:$H$400,A36)) | C36: =IF($A36="","",SUMIFS('Histórico diário'!$B$5:$B$642,'Histórico diário'!$G$5:$G$642,$A36)+SUMIFS(Diário!$B$5:$B$400,Diário!$H$5:$H$400,$A36)) | D36: =IF($A36="","",SUMIFS('Histórico diário'!$E$5:$E$642,'Histórico diário'!$G$5:$G$642,$A36)+SUMIFS(Diário!$E$5:$E$400,Diário!$H$5:$H$400,$A36)) | E36: =IF($A36="","",SUMIFS('Histórico diário'!$D$5:$D$642,'Histórico diário'!$G$5:$G$642,$A36)+SUMIFS(Diário!$D$5:$D$400,Diário!$H$5:$H$400,$A36)) | F36: =IF($A36="","",SUMIFS('Histórico diário'!$C$5:$C$642,'Histórico diário'!$G$5:$G$642,$A36)+SUMIFS(Diário!$C$5:$C$400,Diário!$H$5:$H$400,$A36)) | G36: =IF(A36="","",SUM(C36:F36)) | H36: =IF($A36="","",C36*IFERROR(INDEX('Tarifas por mês'!$B$5:$B$25,MATCH($A36,'Tarifas por mês'!$A$5:$A$25,0)),Premissas!$C$4)) | I36: =IF($A36="","",D36*IFERROR(INDEX('Tarifas por mês'!$C$5:$C$25,MATCH($A36,'Tarifas por mês'!$A$5:$A$25,0)),Premissas!$C$5)) | J36: =IF($A36="","",E36*IFERROR(INDEX('Tarifas por mês'!$D$5:$D$25,MATCH($A36,'Tarifas por mês'!$A$5:$A$25,0)),Premissas!$C$6)) | K36: =IF($A36="","",F36*IFERROR(INDEX('Tarifas por mês'!$E$5:$E$25,MATCH($A36,'Tarifas por mês'!$A$5:$A$25,0)),Premissas!$C$7)) | L36: =IF(A36="","",SUM(H36:K36)) | M36: =IF(A36="","",IF(G36=0,0,L36/G36)) | N36: =IF(A36="","",IF(B36=0,0,G36/B36)) | O36: =IF(A36="","",MAX(_xlfn.MAXIFS('Histórico diário'!$F$5:$F$642,'Histórico diário'!$G$5:$G$642,$A36),_xlfn.MAXIFS(Diário!$F$5:$F$400,Diário!$H$5:$H$400,$A36))) | P36: =IF($A36="","",IF(O36=0,"",IF(_xlfn.MAXIFS('Histórico diário'!$F$5:$F$642,'Histórico diário'!$G$5:$G$642,$A36)>=_xlfn.MAXIFS(Diário!$F$5:$F$400,Diário!$H$5:$H$400,$A36),SUMPRODUCT(MAX(('Histórico diário'!$G$5:$G$642=$A36)*('Histórico diário'!$F$5:$F$642=O36)*'Histórico diário'!$A$5:$A$642)),SUMPRODUCT(MAX((Diário!$H$5:$H$400=$A36)*(Diário!$F$5:$F$400=O36)*Diário!$A$5:$A$400))))) | Q36: =IF(A36="","",IF(S36=0,"parcial",IF(L35=0,"n/d",L36/L35-1))) | R36: =IF(A36="","",IF(S36=0,"parcial",IF(L24=0,"n/d",L36/L24-1))) | S36: =IF(A36="","",IF(B36=DAY(EOMONTH(A36,0)),1,0))
A37: =IF(A36="","",IF(EDATE(A36,1)>MAX(MAX('Histórico diário'!$A$5:$A$642),MAX(Diário!$A$5:$A$400)),"",EDATE(A36,1))) | B37: =IF(A37="","",COUNTIFS('Histórico diário'!$G$5:$G$642,A37)+COUNTIFS(Diário!$H$5:$H$400,A37)) | C37: =IF($A37="","",SUMIFS('Histórico diário'!$B$5:$B$642,'Histórico diário'!$G$5:$G$642,$A37)+SUMIFS(Diário!$B$5:$B$400,Diário!$H$5:$H$400,$A37)) | D37: =IF($A37="","",SUMIFS('Histórico diário'!$E$5:$E$642,'Histórico diário'!$G$5:$G$642,$A37)+SUMIFS(Diário!$E$5:$E$400,Diário!$H$5:$H$400,$A37)) | E37: =IF($A37="","",SUMIFS('Histórico diário'!$D$5:$D$642,'Histórico diário'!$G$5:$G$642,$A37)+SUMIFS(Diário!$D$5:$D$400,Diário!$H$5:$H$400,$A37)) | F37: =IF($A37="","",SUMIFS('Histórico diário'!$C$5:$C$642,'Histórico diário'!$G$5:$G$642,$A37)+SUMIFS(Diário!$C$5:$C$400,Diário!$H$5:$H$400,$A37)) | G37: =IF(A37="","",SUM(C37:F37)) | H37: =IF($A37="","",C37*IFERROR(INDEX('Tarifas por mês'!$B$5:$B$25,MATCH($A37,'Tarifas por mês'!$A$5:$A$25,0)),Premissas!$C$4)) | I37: =IF($A37="","",D37*IFERROR(INDEX('Tarifas por mês'!$C$5:$C$25,MATCH($A37,'Tarifas por mês'!$A$5:$A$25,0)),Premissas!$C$5)) | J37: =IF($A37="","",E37*IFERROR(INDEX('Tarifas por mês'!$D$5:$D$25,MATCH($A37,'Tarifas por mês'!$A$5:$A$25,0)),Premissas!$C$6)) | K37: =IF($A37="","",F37*IFERROR(INDEX('Tarifas por mês'!$E$5:$E$25,MATCH($A37,'Tarifas por mês'!$A$5:$A$25,0)),Premissas!$C$7)) | L37: =IF(A37="","",SUM(H37:K37)) | M37: =IF(A37="","",IF(G37=0,0,L37/G37)) | N37: =IF(A37="","",IF(B37=0,0,G37/B37)) | O37: =IF(A37="","",MAX(_xlfn.MAXIFS('Histórico diário'!$F$5:$F$642,'Histórico diário'!$G$5:$G$642,$A37),_xlfn.MAXIFS(Diário!$F$5:$F$400,Diário!$H$5:$H$400,$A37))) | P37: =IF($A37="","",IF(O37=0,"",IF(_xlfn.MAXIFS('Histórico diário'!$F$5:$F$642,'Histórico diário'!$G$5:$G$642,$A37)>=_xlfn.MAXIFS(Diário!$F$5:$F$400,Diário!$H$5:$H$400,$A37),SUMPRODUCT(MAX(('Histórico diário'!$G$5:$G$642=$A37)*('Histórico diário'!$F$5:$F$642=O37)*'Histórico diário'!$A$5:$A$642)),SUMPRODUCT(MAX((Diário!$H$5:$H$400=$A37)*(Diário!$F$5:$F$400=O37)*Diário!$A$5:$A$400))))) | Q37: =IF(A37="","",IF(S37=0,"parcial",IF(L36=0,"n/d",L37/L36-1))) | R37: =IF(A37="","",IF(S37=0,"parcial",IF(L25=0,"n/d",L37/L25-1))) | S37: =IF(A37="","",IF(B37=DAY(EOMONTH(A37,0)),1,0))
... A61: =IF(A60="","",IF(EDATE(A60,1)>MAX(MAX('Histórico diário'!$A$5:$A$642),MAX(Diário!$A$5:$A$400)),"",EDATE(A60,1))) | B61: =IF(A61="","",COUNTIFS('Histórico diário'!$G$5:$G$642,A61)+COUNTIFS(Diário!$H$5:$H$400,A61)) | C61: =IF($A61="","",SUMIFS('Histórico diário'!$B$5:$B$642,'Histórico diário'!$G$5:$G$642,$A61)+SUMIFS(Diário!$B$5:$B$400,Diário!$H$5:$H$400,$A61)) | D61: =IF($A61="","",SUMIFS('Histórico diário'!$E$5:$E$642,'Histórico diário'!$G$5:$G$642,$A61)+SUMIFS(Diário!$E$5:$E$400,Diário!$H$5:$H$400,$A61)) | E61: =IF($A61="","",SUMIFS('Histórico diário'!$D$5:$D$642,'Histórico diário'!$G$5:$G$642,$A61)+SUMIFS(Diário!$D$5:$D$400,Diário!$H$5:$H$400,$A61)) | F61: =IF($A61="","",SUMIFS('Histórico diário'!$C$5:$C$642,'Histórico diário'!$G$5:$G$642,$A61)+SUMIFS(Diário!$C$5:$C$400,Diário!$H$5:$H$400,$A61)) | G61: =IF(A61="","",SUM(C61:F61)) | H61: =IF($A61="","",C61*IFERROR(INDEX('Tarifas por mês'!$B$5:$B$25,MATCH($A61,'Tarifas por mês'!$A$5:$A$25,0)),Premissas!$C$4)) | I61: =IF($A61="","",D61*IFERROR(INDEX('Tarifas por mês'!$C$5:$C$25,MATCH($A61,'Tarifas por mês'!$A$5:$A$25,0)),Premissas!$C$5)) | J61: =IF($A61="","",E61*IFERROR(INDEX('Tarifas por mês'!$D$5:$D$25,MATCH($A61,'Tarifas por mês'!$A$5:$A$25,0)),Premissas!$C$6)) | K61: =IF($A61="","",F61*IFERROR(INDEX('Tarifas por mês'!$E$5:$E$25,MATCH($A61,'Tarifas por mês'!$A$5:$A$25,0)),Premissas!$C$7)) | L61: =IF(A61="","",SUM(H61:K61)) | M61: =IF(A61="","",IF(G61=0,0,L61/G61)) | N61: =IF(A61="","",IF(B61=0,0,G61/B61)) | O61: =IF(A61="","",MAX(_xlfn.MAXIFS('Histórico diário'!$F$5:$F$642,'Histórico diário'!$G$5:$G$642,$A61),_xlfn.MAXIFS(Diário!$F$5:$F$400,Diário!$H$5:$H$400,$A61))) | P61: =IF($A61="","",IF(O61=0,"",IF(_xlfn.MAXIFS('Histórico diário'!$F$5:$F$642,'Histórico diário'!$G$5:$G$642,$A61)>=_xlfn.MAXIFS(Diário!$F$5:$F$400,Diário!$H$5:$H$400,$A61),SUMPRODUCT(MAX(('Histórico diário'!$G$5:$G$642=$A61)*('Histórico diário'!$F$5:$F$642=O61)*'Histórico diário'!$A$5:$A$642)),SUMPRODUCT(MAX((Diário!$H$5:$H$400=$A61)*(Diário!$F$5:$F$400=O61)*Diário!$A$5:$A$400))))) | Q61: =IF(A61="","",IF(S61=0,"parcial",IF(L60=0,"n/d",L61/L60-1))) | R61: =IF(A61="","",IF(S61=0,"parcial",IF(L49=0,"n/d",L61/L49-1))) | S61: =IF(A61="","",IF(B61=DAY(EOMONTH(A61,0)),1,0))

Sheet Gráficos
A1: Gráficos
A2: Séries lidas da aba Consolidado (jan/25 a dez/26). Meses parciais aparecem com valor menor (veja Dias com dados). Cores fixas por categoria nos dois gráficos.

Sheet Tarifas por mês
A1: Tarifas por mês (histórico)
A2: Todos os meses de jan/25 a set/26 estão preenchidos com as tarifas informadas em Premissas (Utilidade R$ 0,09, Marketing Lite R$ 0,54, Marketing R$ 0,60). Isso é uma premissa a confirmar: ajuste cada mês em que a tarifa efetiva era outra. Meses que não estão nesta tabela (out/26 em diante) usam a tarifa de Premissas.
A4: Mês | B4: Utilidade (R$) | C4: Marketing Lite (R$) | D4: Marketing (R$) | E4: Autenticação (R$)
A5: 45658 | B5: 0.09 | C5: 0.54 | D5: 0.6 | E5: 0
A6: 45689 | B6: 0.09 | C6: 0.54 | D6: 0.6 | E6: 0
A7: 45717 | B7: 0.09 | C7: 0.54 | D7: 0.6 | E7: 0
A8: 45748 | B8: 0.09 | C8: 0.54 | D8: 0.6 | E8: 0
A9: 45778 | B9: 0.09 | C9: 0.54 | D9: 0.6 | E9: 0
A10: 45809 | B10: 0.09 | C10: 0.54 | D10: 0.6 | E10: 0
A11: 45839 | B11: 0.09 | C11: 0.54 | D11: 0.6 | E11: 0
A12: 45870 | B12: 0.09 | C12: 0.54 | D12: 0.6 | E12: 0
A13: 45901 | B13: 0.09 | C13: 0.54 | D13: 0.6 | E13: 0
A14: 45931 | B14: 0.09 | C14: 0.54 | D14: 0.6 | E14: 0
A15: 45962 | B15: 0.09 | C15: 0.54 | D15: 0.6 | E15: 0
A16: 45992 | B16: 0.09 | C16: 0.54 | D16: 0.6 | E16: 0
... A25: 46266 | B25: 0.09 | C25: 0.54 | D25: 0.6 | E25: 0

Sheet Histórico diário
A1: Histórico diário de disparos, jan/25 a set/26
A2: Fonte: arquivo disparos_whatsapp_waba_370311302835363_jan25-set26.xlsx (Blip Portal, relatório de consumo WhatsApp). Dias sem registro na API = 0. Colunas A a E no mesmo layout da aba Diário. Disparos = mensagens iniciadas pela empresa (Utilidade + Autenticação + Marketing + Marketing Lite). Atendimento e Gratuitas são mensagens iniciadas pelo usuário e não entram no custo.
A4: Data | B4: Utilidade | C4: Autenticação | D4: Marketing | E4: Marketing Lite | F4: Total de disparos | G4: Mês | H4: Atendimento (serviço) | I4: Gratuitas | J4: Total iniciadas pelo usuário
A5: 45658 | B5: 0 | C5: 0 | D5: 2 | E5: 0 | F5: =SUM(B5:E5) -> 2 | G5: =DATE(YEAR(A5),MONTH(A5),1) -> 45658 | H5: 3 | I5: 0 | J5: =H5+I5 -> 3
A6: 45659 | B6: 0 | C6: 0 | D6: 4 | E6: 0 | F6: =SUM(B6:E6) -> 4 | G6: =DATE(YEAR(A6),MONTH(A6),1) -> 45658 | H6: 2 | I6: 0 | J6: =H6+I6 -> 2
A7: 45660 | B7: 0 | C7: 0 | D7: 1 | E7: 0 | F7: =SUM(B7:E7) -> 1 | G7: =DATE(YEAR(A7),MONTH(A7),1) -> 45658 | H7: 1 | I7: 0 | J7: =H7+I7 -> 1
A8: 45661 | B8: 0 | C8: 0 | D8: 4 | E8: 0 | F8: =SUM(B8:E8) -> 4 | G8: =DATE(YEAR(A8),MONTH(A8),1) -> 45658 | H8: 1 | I8: 0 | J8: =H8+I8 -> 1
A9: 45662 | B9: 0 | C9: 0 | D9: 3 | E9: 0 | F9: =SUM(B9:E9) -> 3 | G9: =DATE(YEAR(A9),MONTH(A9),1) -> 45658 | H9: 0 | I9: 0 | J9: =H9+I9 -> 0
A10: 45663 | B10: 0 | C10: 0 | D10: 4457 | E10: 0 | F10: =SUM(B10:E10) -> 4457 | G10: =DATE(YEAR(A10),MONTH(A10),1) -> 45658 | H10: 3 | I10: 0 | J10: =H10+I10 -> 3
A11: 45664 | B11: 0 | C11: 0 | D11: 15 | E11: 0 | F11: =SUM(B11:E11) -> 15 | G11: =DATE(YEAR(A11),MONTH(A11),1) -> 45658 | H11: 32 | I11: 0 | J11: =H11+I11 -> 32
A12: 45665 | B12: 0 | C12: 0 | D12: 5 | E12: 0 | F12: =SUM(B12:E12) -> 5 | G12: =DATE(YEAR(A12),MONTH(A12),1) -> 45658 | H12: 5 | I12: 0 | J12: =H12+I12 -> 5
A13: 45666 | B13: 0 | C13: 0 | D13: 3 | E13: 0 | F13: =SUM(B13:E13) -> 3 | G13: =DATE(YEAR(A13),MONTH(A13),1) -> 45658 | H13: 0 | I13: 0 | J13: =H13+I13 -> 0
A14: 45667 | B14: 0 | C14: 0 | D14: 1496 | E14: 0 | F14: =SUM(B14:E14) -> 1496 | G14: =DATE(YEAR(A14),MONTH(A14),1) -> 45658 | H14: 1 | I14: 0 | J14: =H14+I14 -> 1
A15: 45668 | B15: 0 | C15: 0 | D15: 3 | E15: 0 | F15: =SUM(B15:E15) -> 3 | G15: =DATE(YEAR(A15),MONTH(A15),1) -> 45658 | H15: 2 | I15: 0 | J15: =H15+I15 -> 2
A16: 45669 | B16: 0 | C16: 0 | D16: 2 | E16: 0 | F16: =SUM(B16:E16) -> 2 | G16: =DATE(YEAR(A16),MONTH(A16),1) -> 45658 | H16: 3 | I16: 0 | J16: =H16+I16 -> 3
... A642: 46295 | B642: 43 | C642: 0 | D642: 0 | E642: 3 | F642: =SUM(B642:E642) -> 46 | G642: =DATE(YEAR(A642),MONTH(A642),1) -> 46266 | H642: 0 | I642: 48 | J642: =H642+I642 -> 48
